term_set,label,pattern,attr,replace,inside,postal
us_locations,us_county,abbeville,lower,,SC,
us_locations,us_county,acadia,lower,,LA,
us_locations,us_county,accomack,lower,,VA,
us_locations,us_county,ada,lower,,ID,
us_locations,us_county,adair,lower,,IA KY MO OK,
us_locations,us_county,adams,lower,,CO ID IL IN IA MS NE ND OH PA WA WI,
us_locations,us_county,addison,lower,,VT,
us_locations,us_county,aiken,lower,,SC,
us_locations,us_county,aitkin,lower,,MN,
us_locations,us_county,alachua,lower,,FL,
us_locations,us_county,alamance,lower,,NC,
us_locations,us_county,alameda,lower,,CA,
us_locations,us_county,alamosa,lower,,CO,
us_locations,us_county,albany,lower,,NY WY,
us_locations,us_county,albemarle,lower,,VA,
us_locations,us_county,alcona,lower,,MI,
us_locations,us_county,alcorn,lower,,MS,
us_locations,us_county,aleutians east,lower,,AK,
us_locations,us_county,aleutians west,lower,,AK,
us_locations,us_county,alexander,lower,,IL NC,
us_locations,us_county,alexandria,lower,,VA,
us_locations,us_county,alfalfa,lower,,OK,
us_locations,us_county,alger,lower,,MI,
us_locations,us_county,allamakee,lower,,IA,
us_locations,us_county,allegan,lower,,MI,
us_locations,us_county,allegany,lower,,MD NY,
us_locations,us_county,alleghany,lower,,NC VA,
us_locations,us_county,allegheny,lower,,PA,
us_locations,us_county,allen,lower,,IN KS KY LA OH,
us_locations,us_county,allendale,lower,,SC,
us_locations,us_county,alpena,lower,,MI,
us_locations,us_county,alpine,lower,,CA,
us_locations,us_county,amador,lower,,CA,
us_locations,us_county,amelia,lower,,VA,
us_locations,us_county,amherst,lower,,VA,
us_locations,us_county,amite,lower,,MS,
us_locations,us_county,anchorage,lower,,AK,
us_locations,us_county,anderson,lower,,KS KY SC TN TX,
us_locations,us_county,andrew,lower,,MO,
us_locations,us_county,andrews,lower,,TX,
us_locations,us_county,androscoggin,lower,,ME,
us_locations,us_county,angelina,lower,,TX,
us_locations,us_county,anne arundel,lower,,MD,
us_locations,us_county,anoka,lower,,MN,
us_locations,us_county,anson,lower,,NC,
us_locations,us_county,antelope,lower,,NE,
us_locations,us_county,antrim,lower,,MI,
us_locations,us_county,apache,lower,,AZ,
us_locations,us_county,appanoose,lower,,IA,
us_locations,us_county,appling,lower,,GA,
us_locations,us_county,appomattox,lower,,VA,
us_locations,us_county,aransas,lower,,TX,
us_locations,us_county,arapahoe,lower,,CO,
us_locations,us_county,archer,lower,,TX,
us_locations,us_county,archuleta,lower,,CO,
us_locations,us_county,arenac,lower,,MI,
us_locations,us_county,arlington,lower,,VA,
us_locations,us_county,armstrong,lower,,PA TX,
us_locations,us_county,aroostook,lower,,ME,
us_locations,us_county,arthur,lower,,NE,
us_locations,us_county,ascension,lower,,LA,
us_locations,us_county,ashe,lower,,NC,
us_locations,us_county,ashland,lower,,OH WI,
us_locations,us_county,ashley,lower,,AR,
us_locations,us_county,ashtabula,lower,,OH,
us_locations,us_county,asotin,lower,,WA,
us_locations,us_county,assumption,lower,,LA,
us_locations,us_county,atascosa,lower,,TX,
us_locations,us_county,atchison,lower,,KS MO,
us_locations,us_county,athens,lower,,OH,
us_locations,us_county,atkinson,lower,,GA,
us_locations,us_county,atlantic,lower,,NJ,
us_locations,us_county,atoka,lower,,OK,
us_locations,us_county,attala,lower,,MS,
us_locations,us_county,audrain,lower,,MO,
us_locations,us_county,audubon,lower,,IA,
us_locations,us_county,auglaize,lower,,OH,
us_locations,us_county,augusta,lower,,VA,
us_locations,us_county,aurora,lower,,SD,
us_locations,us_county,austin,lower,,TX,
us_locations,us_county,autauga,lower,,AL,
us_locations,us_county,avery,lower,,NC,
us_locations,us_county,avoyelles,lower,,LA,
us_locations,us_county,baca,lower,,CO,
us_locations,us_county,bacon,lower,,GA,
us_locations,us_county,bailey,lower,,TX,
us_locations,us_county,baker,lower,,FL GA OR,
us_locations,us_county,baldwin,lower,,AL GA,
us_locations,us_county,ballard,lower,,KY,
us_locations,us_county,baltimore,lower,,MD,
us_locations,us_county,baltimore city,lower,,MD,
us_locations,us_county,bamberg,lower,,SC,
us_locations,us_county,bandera,lower,,TX,
us_locations,us_county,banks,lower,,GA,
us_locations,us_county,banner,lower,,NE,
us_locations,us_county,bannock,lower,,ID,
us_locations,us_county,baraga,lower,,MI,
us_locations,us_county,barber,lower,,KS,
us_locations,us_county,barbour,lower,,AL WV,
us_locations,us_county,barnes,lower,,ND,
us_locations,us_county,barnstable,lower,,MA,
us_locations,us_county,barnwell,lower,,SC,
us_locations,us_county,barren,lower,,KY,
us_locations,us_county,barron,lower,,WI,
us_locations,us_county,barrow,lower,,GA,
us_locations,us_county,barry,lower,,MI MO,
us_locations,us_county,bartholomew,lower,,IN,
us_locations,us_county,barton,lower,,KS MO,
us_locations,us_county,bartow,lower,,GA,
us_locations,us_county,bastrop,lower,,TX,
us_locations,us_county,bates,lower,,MO,
us_locations,us_county,bath,lower,,KY VA,
us_locations,us_county,baxter,lower,,AR,
us_locations,us_county,bay,lower,,FL MI,
us_locations,us_county,bayfield,lower,,WI,
us_locations,us_county,baylor,lower,,TX,
us_locations,us_county,beadle,lower,,SD,
us_locations,us_county,bear lake,lower,,ID,
us_locations,us_county,beaufort,lower,,NC SC,
us_locations,us_county,beauregard,lower,,LA,
us_locations,us_county,beaver,lower,,OK PA UT,
us_locations,us_county,beaverhead,lower,,MT,
us_locations,us_county,becker,lower,,MN,
us_locations,us_county,beckham,lower,,OK,
us_locations,us_county,bedford,lower,,PA TN VA VA,
us_locations,us_county,bee,lower,,TX,
us_locations,us_county,belknap,lower,,NH,
us_locations,us_county,bell,lower,,KY TX,
us_locations,us_county,belmont,lower,,OH,
us_locations,us_county,beltrami,lower,,MN,
us_locations,us_county,ben hill,lower,,GA,
us_locations,us_county,benewah,lower,,ID,
us_locations,us_county,bennett,lower,,SD,
us_locations,us_county,bennington,lower,,VT,
us_locations,us_county,benson,lower,,ND,
us_locations,us_county,bent,lower,,CO,
us_locations,us_county,benton,lower,,AR IN IA MN MS MO OR TN WA,
us_locations,us_county,benzie,lower,,MI,
us_locations,us_county,bergen,lower,,NJ,
us_locations,us_county,berkeley,lower,,SC WV,
us_locations,us_county,berks,lower,,PA,
us_locations,us_county,berkshire,lower,,MA,
us_locations,us_county,bernalillo,lower,,NM,
us_locations,us_county,berrien,lower,,GA MI,
us_locations,us_county,bertie,lower,,NC,
us_locations,us_county,bethel,lower,,AK,
us_locations,us_county,bexar,lower,,TX,
us_locations,us_county,bibb,lower,,AL GA,
us_locations,us_county,bienville,lower,,LA,
us_locations,us_county,big horn,lower,,MT WY,
us_locations,us_county,big stone,lower,,MN,
us_locations,us_county,billings,lower,,ND,
us_locations,us_county,bingham,lower,,ID,
us_locations,us_county,black hawk,lower,,IA,
us_locations,us_county,blackford,lower,,IN,
us_locations,us_county,bladen,lower,,NC,
us_locations,us_county,blaine,lower,,ID MT NE OK,
us_locations,us_county,blair,lower,,PA,
us_locations,us_county,blanco,lower,,TX,
us_locations,us_county,bland,lower,,VA,
us_locations,us_county,bleckley,lower,,GA,
us_locations,us_county,bledsoe,lower,,TN,
us_locations,us_county,blount,lower,,AL TN,
us_locations,us_county,blue earth,lower,,MN,
us_locations,us_county,boise,lower,,ID,
us_locations,us_county,bolivar,lower,,MS,
us_locations,us_county,bollinger,lower,,MO,
us_locations,us_county,bon homme,lower,,SD,
us_locations,us_county,bond,lower,,IL,
us_locations,us_county,bonner,lower,,ID,
us_locations,us_county,bonneville,lower,,ID,
us_locations,us_county,boone,lower,,AR IL IN IA KY MO NE WV,
us_locations,us_county,borden,lower,,TX,
us_locations,us_county,bosque,lower,,TX,
us_locations,us_county,bossier,lower,,LA,
us_locations,us_county,botetourt,lower,,VA,
us_locations,us_county,bottineau,lower,,ND,
us_locations,us_county,boulder,lower,,CO,
us_locations,us_county,boundary,lower,,ID,
us_locations,us_county,bourbon,lower,,KS KY,
us_locations,us_county,bowie,lower,,TX,
us_locations,us_county,bowman,lower,,ND,
us_locations,us_county,box butte,lower,,NE,
us_locations,us_county,box elder,lower,,UT,
us_locations,us_county,boyd,lower,,KY NE,
us_locations,us_county,boyle,lower,,KY,
us_locations,us_county,bracken,lower,,KY,
us_locations,us_county,bradford,lower,,FL PA,
us_locations,us_county,bradley,lower,,AR TN,
us_locations,us_county,branch,lower,,MI,
us_locations,us_county,brantley,lower,,GA,
us_locations,us_county,braxton,lower,,WV,
us_locations,us_county,brazoria,lower,,TX,
us_locations,us_county,brazos,lower,,TX,
us_locations,us_county,breathitt,lower,,KY,
us_locations,us_county,breckinridge,lower,,KY,
us_locations,us_county,bremer,lower,,IA,
us_locations,us_county,brevard,lower,,FL,
us_locations,us_county,brewster,lower,,TX,
us_locations,us_county,briscoe,lower,,TX,
us_locations,us_county,bristol,lower,,MA RI VA,
us_locations,us_county,bristol bay,lower,,AK,
us_locations,us_county,broadwater,lower,,MT,
us_locations,us_county,bronx,lower,,NY,
us_locations,us_county,brooke,lower,,WV,
us_locations,us_county,brookings,lower,,SD,
us_locations,us_county,brooks,lower,,GA TX,
us_locations,us_county,broome,lower,,NY,
us_locations,us_county,broomfield,lower,,CO,
us_locations,us_county,broward,lower,,FL,
us_locations,us_county,brown,lower,,IL IN KS MN NE OH SD TX WI,
us_locations,us_county,brule,lower,,SD,
us_locations,us_county,brunswick,lower,,NC VA,
us_locations,us_county,bryan,lower,,GA OK,
us_locations,us_county,buchanan,lower,,IA MO VA,
us_locations,us_county,buckingham,lower,,VA,
us_locations,us_county,bucks,lower,,PA,
us_locations,us_county,buena vista,lower,,IA VA,
us_locations,us_county,buffalo,lower,,NE SD WI,
us_locations,us_county,bullitt,lower,,KY,
us_locations,us_county,bulloch,lower,,GA,
us_locations,us_county,bullock,lower,,AL,
us_locations,us_county,buncombe,lower,,NC,
us_locations,us_county,bureau,lower,,IL,
us_locations,us_county,burke,lower,,GA NC ND,
us_locations,us_county,burleigh,lower,,ND,
us_locations,us_county,burleson,lower,,TX,
us_locations,us_county,burlington,lower,,NJ,
us_locations,us_county,burnet,lower,,TX,
us_locations,us_county,burnett,lower,,WI,
us_locations,us_county,burt,lower,,NE,
us_locations,us_county,butler,lower,,AL IA KS KY MO NE OH PA,
us_locations,us_county,butte,lower,,CA ID SD,
us_locations,us_county,butts,lower,,GA,
us_locations,us_county,cabarrus,lower,,NC,
us_locations,us_county,cabell,lower,,WV,
us_locations,us_county,cache,lower,,UT,
us_locations,us_county,caddo,lower,,LA OK,
us_locations,us_county,calaveras,lower,,CA,
us_locations,us_county,calcasieu,lower,,LA,
us_locations,us_county,caldwell,lower,,KY LA MO NC TX,
us_locations,us_county,caledonia,lower,,VT,
us_locations,us_county,calhoun,lower,,AL AR FL GA IL IA MI MS SC TX WV,
us_locations,us_county,callahan,lower,,TX,
us_locations,us_county,callaway,lower,,MO,
us_locations,us_county,calloway,lower,,KY,
us_locations,us_county,calumet,lower,,WI,
us_locations,us_county,calvert,lower,,MD,
us_locations,us_county,camas,lower,,ID,
us_locations,us_county,cambria,lower,,PA,
us_locations,us_county,camden,lower,,GA MO NJ NC,
us_locations,us_county,cameron,lower,,LA PA TX,
us_locations,us_county,camp,lower,,TX,
us_locations,us_county,campbell,lower,,KY SD TN VA WY,
us_locations,us_county,canadian,lower,,OK,
us_locations,us_county,candler,lower,,GA,
us_locations,us_county,cannon,lower,,TN,
us_locations,us_county,canyon,lower,,ID,
us_locations,us_county,cape girardeau,lower,,MO,
us_locations,us_county,cape may,lower,,NJ,
us_locations,us_county,carbon,lower,,MT PA UT WY,
us_locations,us_county,caribou,lower,,ID,
us_locations,us_county,carlisle,lower,,KY,
us_locations,us_county,carlton,lower,,MN,
us_locations,us_county,caroline,lower,,MD VA,
us_locations,us_county,carroll,lower,,AR GA IL IN IA KY MD MS MO NH OH TN VA,
us_locations,us_county,carson,lower,,TX,
us_locations,us_county,carson city city,lower,,NV,
us_locations,us_county,carter,lower,,KY MO MT OK TN,
us_locations,us_county,carteret,lower,,NC,
us_locations,us_county,carver,lower,,MN,
us_locations,us_county,cascade,lower,,MT,
us_locations,us_county,casey,lower,,KY,
us_locations,us_county,cass,lower,,IL IN IA MI MN MO NE ND TX,
us_locations,us_county,cassia,lower,,ID,
us_locations,us_county,castro,lower,,TX,
us_locations,us_county,caswell,lower,,NC,
us_locations,us_county,catahoula,lower,,LA,
us_locations,us_county,catawba,lower,,NC,
us_locations,us_county,catoosa,lower,,GA,
us_locations,us_county,catron,lower,,NM,
us_locations,us_county,cattaraugus,lower,,NY,
us_locations,us_county,cavalier,lower,,ND,
us_locations,us_county,cayuga,lower,,NY,
us_locations,us_county,cecil,lower,,MD,
us_locations,us_county,cedar,lower,,IA MO NE,
us_locations,us_county,centre,lower,,PA,
us_locations,us_county,cerro gordo,lower,,IA,
us_locations,us_county,chaffee,lower,,CO,
us_locations,us_county,chambers,lower,,AL TX,
us_locations,us_county,champaign,lower,,IL OH,
us_locations,us_county,chariton,lower,,MO,
us_locations,us_county,charles,lower,,MD,
us_locations,us_county,charles city,lower,,VA,
us_locations,us_county,charles mix,lower,,SD,
us_locations,us_county,charleston,lower,,SC,
us_locations,us_county,charlevoix,lower,,MI,
us_locations,us_county,charlotte,lower,,FL VA,
us_locations,us_county,charlottesville,lower,,VA,
us_locations,us_county,charlton,lower,,GA,
us_locations,us_county,chase,lower,,KS NE,
us_locations,us_county,chatham,lower,,GA NC,
us_locations,us_county,chattahoochee,lower,,GA,
us_locations,us_county,chattooga,lower,,GA,
us_locations,us_county,chautauqua,lower,,KS NY,
us_locations,us_county,chaves,lower,,NM,
us_locations,us_county,cheatham,lower,,TN,
us_locations,us_county,cheboygan,lower,,MI,
us_locations,us_county,chelan,lower,,WA,
us_locations,us_county,chemung,lower,,NY,
us_locations,us_county,chenango,lower,,NY,
us_locations,us_county,cherokee,lower,,AL GA IA KS NC OK SC TX,
us_locations,us_county,cherry,lower,,NE,
us_locations,us_county,chesapeake,lower,,VA,
us_locations,us_county,cheshire,lower,,NH,
us_locations,us_county,chester,lower,,PA SC TN,
us_locations,us_county,chesterfield,lower,,SC VA,
us_locations,us_county,cheyenne,lower,,CO KS NE,
us_locations,us_county,chickasaw,lower,,IA MS,
us_locations,us_county,chicot,lower,,AR,
us_locations,us_county,childress,lower,,TX,
us_locations,us_county,chilton,lower,,AL,
us_locations,us_county,chippewa,lower,,MI MN WI,
us_locations,us_county,chisago,lower,,MN,
us_locations,us_county,chittenden,lower,,VT,
us_locations,us_county,choctaw,lower,,AL MS OK,
us_locations,us_county,chouteau,lower,,MT,
us_locations,us_county,chowan,lower,,NC,
us_locations,us_county,christian,lower,,IL KY MO,
us_locations,us_county,churchill,lower,,NV,
us_locations,us_county,cibola,lower,,NM,
us_locations,us_county,cimarron,lower,,OK,
us_locations,us_county,citrus,lower,,FL,
us_locations,us_county,clackamas,lower,,OR,
us_locations,us_county,claiborne,lower,,LA MS TN,
us_locations,us_county,clallam,lower,,WA,
us_locations,us_county,clare,lower,,MI,
us_locations,us_county,clarendon,lower,,SC,
us_locations,us_county,clarion,lower,,PA,
us_locations,us_county,clark,lower,,AR ID IL IN KS KY MO NV OH SD WA WI,
us_locations,us_county,clarke,lower,,AL GA IA MS VA,
us_locations,us_county,clatsop,lower,,OR,
us_locations,us_county,clay,lower,,AL AR FL GA IL IN IA KS KY MN MS MO NE NC SD TN TX WV,
us_locations,us_county,clayton,lower,,GA IA,
us_locations,us_county,clear creek,lower,,CO,
us_locations,us_county,clearfield,lower,,PA,
us_locations,us_county,clearwater,lower,,ID MN,
us_locations,us_county,cleburne,lower,,AL AR,
us_locations,us_county,clermont,lower,,OH,
us_locations,us_county,cleveland,lower,,AR NC OK,
us_locations,us_county,clifton forge,lower,,VA,
us_locations,us_county,clinch,lower,,GA,
us_locations,us_county,clinton,lower,,IL IN IA KY MI MO NY OH PA,
us_locations,us_county,cloud,lower,,KS,
us_locations,us_county,coahoma,lower,,MS,
us_locations,us_county,coal,lower,,OK,
us_locations,us_county,cobb,lower,,GA,
us_locations,us_county,cochise,lower,,AZ,
us_locations,us_county,cochran,lower,,TX,
us_locations,us_county,cocke,lower,,TN,
us_locations,us_county,coconino,lower,,AZ,
us_locations,us_county,codington,lower,,SD,
us_locations,us_county,coffee,lower,,AL GA TN,
us_locations,us_county,coffey,lower,,KS,
us_locations,us_county,coke,lower,,TX,
us_locations,us_county,colbert,lower,,AL,
us_locations,us_county,cole,lower,,MO,
us_locations,us_county,coleman,lower,,TX,
us_locations,us_county,coles,lower,,IL,
us_locations,us_county,colfax,lower,,NE NM,
us_locations,us_county,colleton,lower,,SC,
us_locations,us_county,collier,lower,,FL,
us_locations,us_county,collin,lower,,TX,
us_locations,us_county,collingsworth,lower,,TX,
us_locations,us_county,colonial heights,lower,,VA,
us_locations,us_county,colquitt,lower,,,
us_locations,us_county,columbia,lower,,AR FL GA NY OR PA WA WI,
us_locations,us_county,columbiana,lower,,OH,
us_locations,us_county,columbus,lower,,NC,
us_locations,us_county,colusa,lower,,CA,
us_locations,us_county,comal,lower,,TX,
us_locations,us_county,comanche,lower,,KS OK TX,
us_locations,us_county,concho,lower,,TX,
us_locations,us_county,concordia,lower,,LA,
us_locations,us_county,conecuh,lower,,AL,
us_locations,us_county,conejos,lower,,CO,
us_locations,us_county,contra costa,lower,,CA,
us_locations,us_county,converse,lower,,WY,
us_locations,us_county,conway,lower,,AR,
us_locations,us_county,cook,lower,,GA IL MN,
us_locations,us_county,cooke,lower,,TX,
us_locations,us_county,cooper,lower,,MO,
us_locations,us_county,coos,lower,,NH OR,
us_locations,us_county,coosa,lower,,AL,
us_locations,us_county,copiah,lower,,MS,
us_locations,us_county,corson,lower,,SD,
us_locations,us_county,cortland,lower,,NY,
us_locations,us_county,coryell,lower,,TX,
us_locations,us_county,coshocton,lower,,OH,
us_locations,us_county,costilla,lower,,CO,
us_locations,us_county,cottle,lower,,TX,
us_locations,us_county,cotton,lower,,OK,
us_locations,us_county,cottonwood,lower,,MN,
us_locations,us_county,covington,lower,,AL MS VA,
us_locations,us_county,coweta,lower,,GA,
us_locations,us_county,cowley,lower,,KS,
us_locations,us_county,cowlitz,lower,,WA,
us_locations,us_county,craig,lower,,OK VA,
us_locations,us_county,craighead,lower,,AR,
us_locations,us_county,crane,lower,,TX,
us_locations,us_county,craven,lower,,NC,
us_locations,us_county,crawford,lower,,AR GA IL IN IA KS MI MO OH PA WI,
us_locations,us_county,creek,lower,,OK,
us_locations,us_county,crenshaw,lower,,AL,
us_locations,us_county,crisp,lower,,GA,
us_locations,us_county,crittenden,lower,,AR KY,
us_locations,us_county,crockett,lower,,TN TX,
us_locations,us_county,crook,lower,,OR WY,
us_locations,us_county,crosby,lower,,TX,
us_locations,us_county,cross,lower,,AR,
us_locations,us_county,crow wing,lower,,MN,
us_locations,us_county,crowley,lower,,CO,
us_locations,us_county,culberson,lower,,TX,
us_locations,us_county,cullman,lower,,AL,
us_locations,us_county,culpeper,lower,,VA,
us_locations,us_county,cumberland,lower,,IL KY ME NJ NC PA TN VA,
us_locations,us_county,cuming,lower,,NE,
us_locations,us_county,currituck,lower,,NC,
us_locations,us_county,curry,lower,,NM OR,
us_locations,us_county,custer,lower,,CO ID MT NE OK SD,
us_locations,us_county,cuyahoga,lower,,OH,
us_locations,us_county,dade,lower,,GA MO,
us_locations,us_county,daggett,lower,,UT,
us_locations,us_county,dakota,lower,,MN NE,
us_locations,us_county,dale,lower,,AL,
us_locations,us_county,dallam,lower,,TX,
us_locations,us_county,dallas,lower,,AL AR IA MO TX,
us_locations,us_county,dane,lower,,WI,
us_locations,us_county,daniels,lower,,MT,
us_locations,us_county,danville,lower,,VA,
us_locations,us_county,dare,lower,,NC,
us_locations,us_county,darke,lower,,OH,
us_locations,us_county,darlington,lower,,SC,
us_locations,us_county,dauphin,lower,,PA,
us_locations,us_county,davidson,lower,,NC TN,
us_locations,us_county,davie,lower,,NC,
us_locations,us_county,daviess,lower,,IN KY MO,
us_locations,us_county,davis,lower,,IA UT,
us_locations,us_county,davison,lower,,SD,
us_locations,us_county,dawes,lower,,NE,
us_locations,us_county,dawson,lower,,GA MT NE TX,
us_locations,us_county,day,lower,,SD,
us_locations,us_county,de baca,lower,,NM,
us_locations,us_county,de soto,lower,,LA,
us_locations,us_county,de witt,lower,,IL,
us_locations,us_county,deaf smith,lower,,TX,
us_locations,us_county,dearborn,lower,,IN,
us_locations,us_county,decatur,lower,,GA IN IA KS TN,
us_locations,us_county,deer lodge,lower,,MT,
us_locations,us_county,defiance,lower,,OH,
us_locations,us_county,dekalb,lower,,AL GA IL IN MO TN,
us_locations,us_county,del norte,lower,,CA,
us_locations,us_county,delta,lower,,CO MI TX,
us_locations,us_county,denali,lower,,AK,
us_locations,us_county,dent,lower,,MO,
us_locations,us_county,denton,lower,,TX,
us_locations,us_county,denver,lower,,CO,
us_locations,us_county,des moines,lower,,IA,
us_locations,us_county,deschutes,lower,,OR,
us_locations,us_county,desha,lower,,AR,
us_locations,us_county,desoto,lower,,FL MS,
us_locations,us_county,deuel,lower,,NE SD,
us_locations,us_county,dewey,lower,,OK SD,
us_locations,us_county,dewitt,lower,,TX,
us_locations,us_county,dickens,lower,,TX,
us_locations,us_county,dickenson,lower,,VA,
us_locations,us_county,dickey,lower,,ND,
us_locations,us_county,dickinson,lower,,IA KS MI,
us_locations,us_county,dickson,lower,,TN,
us_locations,us_county,dillingham,lower,,AK,
us_locations,us_county,dillon,lower,,SC,
us_locations,us_county,dimmit,lower,,TX,
us_locations,us_county,dinwiddie,lower,,VA,
us_locations,us_county,district of columbia,lower,,DC,
us_locations,us_county,divide,lower,,ND,
us_locations,us_county,dixie,lower,,FL,
us_locations,us_county,dixon,lower,,NE,
us_locations,us_county,doddridge,lower,,WV,
us_locations,us_county,dodge,lower,,GA MN NE WI,
us_locations,us_county,dolores,lower,,CO,
us_locations,us_county,dona ana,lower,,NM,
us_locations,us_county,doniphan,lower,,KS,
us_locations,us_county,donley,lower,,TX,
us_locations,us_county,dooly,lower,,GA,
us_locations,us_county,door,lower,,WI,
us_locations,us_county,dorchester,lower,,MD SC,
us_locations,us_county,dougherty,lower,,GA,
us_locations,us_county,douglas,lower,,CO GA IL KS MN MO NE NV OR SD WA WI,
us_locations,us_county,drew,lower,,AR,
us_locations,us_county,dubois,lower,,IN,
us_locations,us_county,dubuque,lower,,IA,
us_locations,us_county,duchesne,lower,,UT,
us_locations,us_county,dukes,lower,,MA,
us_locations,us_county,dundy,lower,,NE,
us_locations,us_county,dunklin,lower,,MO,
us_locations,us_county,dunn,lower,,ND WI,
us_locations,us_county,dupage,lower,,IL,
us_locations,us_county,duplin,lower,,NC,
us_locations,us_county,durham,lower,,NC,
us_locations,us_county,dutchess,lower,,NY,
us_locations,us_county,duval,lower,,FL TX,
us_locations,us_county,dyer,lower,,TN,
us_locations,us_county,eagle,lower,,CO,
us_locations,us_county,early,lower,,GA,
us_locations,us_county,east baton rouge,lower,,LA,
us_locations,us_county,east carroll,lower,,LA,
us_locations,us_county,east feliciana,lower,,LA,
us_locations,us_county,eastland,lower,,TX,
us_locations,us_county,eaton,lower,,MI,
us_locations,us_county,eau claire,lower,,WI,
us_locations,us_county,echols,lower,,GA,
us_locations,us_county,ector,lower,,TX,
us_locations,us_county,eddy,lower,,NM ND,
us_locations,us_county,edgar,lower,,IL,
us_locations,us_county,edgecombe,lower,,NC,
us_locations,us_county,edgefield,lower,,SC,
us_locations,us_county,edmonson,lower,,KY,
us_locations,us_county,edmunds,lower,,SD,
us_locations,us_county,edwards,lower,,IL KS TX,
us_locations,us_county,effingham,lower,,GA IL,
us_locations,us_county,el dorado,lower,,CA,
us_locations,us_county,el paso,lower,,CO TX,
us_locations,us_county,elbert,lower,,CO GA,
us_locations,us_county,elk,lower,,KS PA,
us_locations,us_county,elkhart,lower,,IN,
us_locations,us_county,elko,lower,,NV,
us_locations,us_county,elliott,lower,,KY,
us_locations,us_county,ellis,lower,,KS OK TX,
us_locations,us_county,ellsworth,lower,,KS,
us_locations,us_county,elmore,lower,,AL ID,
us_locations,us_county,emanuel,lower,,GA,
us_locations,us_county,emery,lower,,UT,
us_locations,us_county,emmet,lower,,IA MI,
us_locations,us_county,emmons,lower,,ND,
us_locations,us_county,emporia,lower,,VA,
us_locations,us_county,erath,lower,,TX,
us_locations,us_county,erie,lower,,NY OH PA,
us_locations,us_county,escambia,lower,,AL FL,
us_locations,us_county,esmeralda,lower,,NV,
us_locations,us_county,essex,lower,,MA NJ NY VT VA,
us_locations,us_county,estill,lower,,KY,
us_locations,us_county,etowah,lower,,AL,
us_locations,us_county,eureka,lower,,NV,
us_locations,us_county,evangeline,lower,,LA,
us_locations,us_county,evans,lower,,GA,
us_locations,us_county,fairbanks north star,lower,,AK,
us_locations,us_county,fairfax,lower,,VA VA,
us_locations,us_county,fairfield,lower,,CT OH SC,
us_locations,us_county,fall river,lower,,SD,
us_locations,us_county,fallon,lower,,MT,
us_locations,us_county,falls,lower,,TX,
us_locations,us_county,falls church,lower,,VA,
us_locations,us_county,fannin,lower,,GA TX,
us_locations,us_county,faribault,lower,,MN,
us_locations,us_county,faulk,lower,,SD,
us_locations,us_county,faulkner,lower,,AR,
us_locations,us_county,fauquier,lower,,VA,
us_locations,us_county,fayette,lower,,AL GA IL IN IA KY OH PA TN TX WV,
us_locations,us_county,fentress,lower,,TN,
us_locations,us_county,fergus,lower,,MT,
us_locations,us_county,ferry,lower,,WA,
us_locations,us_county,fillmore,lower,,MN NE,
us_locations,us_county,finney,lower,,KS,
us_locations,us_county,fisher,lower,,TX,
us_locations,us_county,flagler,lower,,FL,
us_locations,us_county,flathead,lower,,MT,
us_locations,us_county,fleming,lower,,KY,
us_locations,us_county,florence,lower,,SC WI,
us_locations,us_county,floyd,lower,,GA IN IA KY TX VA,
us_locations,us_county,fluvanna,lower,,VA,
us_locations,us_county,foard,lower,,TX,
us_locations,us_county,fond du lac,lower,,WI,
us_locations,us_county,ford,lower,,IL KS,
us_locations,us_county,forest,lower,,PA WI,
us_locations,us_county,forrest,lower,,MS,
us_locations,us_county,forsyth,lower,,GA NC,
us_locations,us_county,fort bend,lower,,TX,
us_locations,us_county,foster,lower,,ND,
us_locations,us_county,fountain,lower,,IN,
us_locations,us_county,franklin,lower,,AL AR FL GA ID IL IN IA KS KY LA ME MA MS MO NE NY NC OH PA TN TX VT VA VA WA,
us_locations,us_county,frederick,lower,,MD VA,
us_locations,us_county,fredericksburg,lower,,VA,
us_locations,us_county,freeborn,lower,,MN,
us_locations,us_county,freestone,lower,,TX,
us_locations,us_county,fremont,lower,,CO ID IA WY,
us_locations,us_county,fresno,lower,,CA,
us_locations,us_county,frio,lower,,TX,
us_locations,us_county,frontier,lower,,NE,
us_locations,us_county,fulton,lower,,AR GA IL IN KY NY OH PA,
us_locations,us_county,furnas,lower,,NE,
us_locations,us_county,gadsden,lower,,FL,
us_locations,us_county,gage,lower,,NE,
us_locations,us_county,gaines,lower,,TX,
us_locations,us_county,galax,lower,,VA,
us_locations,us_county,gallatin,lower,,IL KY MT,
us_locations,us_county,gallia,lower,,OH,
us_locations,us_county,galveston,lower,,TX,
us_locations,us_county,garden,lower,,NE,
us_locations,us_county,garfield,lower,,CO MT NE OK UT WA,
us_locations,us_county,garland,lower,,AR,
us_locations,us_county,garrard,lower,,KY,
us_locations,us_county,garrett,lower,,MD,
us_locations,us_county,garvin,lower,,OK,
us_locations,us_county,garza,lower,,TX,
us_locations,us_county,gasconade,lower,,MO,
us_locations,us_county,gaston,lower,,NC,
us_locations,us_county,gates,lower,,NC,
us_locations,us_county,geary,lower,,KS,
us_locations,us_county,geauga,lower,,OH,
us_locations,us_county,gem,lower,,ID,
us_locations,us_county,genesee,lower,,MI NY,
us_locations,us_county,geneva,lower,,AL,
us_locations,us_county,gentry,lower,,MO,
us_locations,us_county,george,lower,,MS,
us_locations,us_county,georgetown,lower,,SC,
us_locations,us_county,gibson,lower,,IN TN,
us_locations,us_county,gila,lower,,AZ,
us_locations,us_county,gilchrist,lower,,FL,
us_locations,us_county,giles,lower,,TN VA,
us_locations,us_county,gillespie,lower,,TX,
us_locations,us_county,gilliam,lower,,OR,
us_locations,us_county,gilmer,lower,,GA WV,
us_locations,us_county,gilpin,lower,,CO,
us_locations,us_county,glacier,lower,,MT,
us_locations,us_county,glades,lower,,FL,
us_locations,us_county,gladwin,lower,,MI,
us_locations,us_county,glascock,lower,,GA,
us_locations,us_county,glasscock,lower,,TX,
us_locations,us_county,glenn,lower,,CA,
us_locations,us_county,gloucester,lower,,NJ VA,
us_locations,us_county,glynn,lower,,GA,
us_locations,us_county,gogebic,lower,,MI,
us_locations,us_county,golden valley,lower,,MT ND,
us_locations,us_county,goliad,lower,,TX,
us_locations,us_county,gonzales,lower,,TX,
us_locations,us_county,goochland,lower,,VA,
us_locations,us_county,goodhue,lower,,MN,
us_locations,us_county,gooding,lower,,ID,
us_locations,us_county,gordon,lower,,GA,
us_locations,us_county,goshen,lower,,WY,
us_locations,us_county,gosper,lower,,NE,
us_locations,us_county,gove,lower,,KS,
us_locations,us_county,grady,lower,,GA OK,
us_locations,us_county,grafton,lower,,NH,
us_locations,us_county,graham,lower,,AZ KS NC,
us_locations,us_county,grainger,lower,,TN,
us_locations,us_county,grand,lower,,CO UT,
us_locations,us_county,grand forks,lower,,ND,
us_locations,us_county,grand isle,lower,,VT,
us_locations,us_county,grand traverse,lower,,MI,
us_locations,us_county,granite,lower,,MT,
us_locations,us_county,grant,lower,,AR IN KS KY LA MN NE NM ND OK OR SD WA WV WI,
us_locations,us_county,granville,lower,,NC,
us_locations,us_county,gratiot,lower,,MI,
us_locations,us_county,graves,lower,,KY,
us_locations,us_county,gray,lower,,KS TX,
us_locations,us_county,grays harbor,lower,,WA,
us_locations,us_county,grayson,lower,,KY TX VA,
us_locations,us_county,greeley,lower,,KS NE,
us_locations,us_county,green,lower,,KY WI,
us_locations,us_county,green lake,lower,,WI,
us_locations,us_county,greenbrier,lower,,WV,
us_locations,us_county,greene,lower,,AL AR GA IL IN IA MS MO NY NC OH PA TN VA,
us_locations,us_county,greenlee,lower,,AZ,
us_locations,us_county,greensville,lower,,VA,
us_locations,us_county,greenup,lower,,KY,
us_locations,us_county,greenville,lower,,SC,
us_locations,us_county,greenwood,lower,,KS SC,
us_locations,us_county,greer,lower,,OK,
us_locations,us_county,gregg,lower,,TX,
us_locations,us_county,gregory,lower,,SD,
us_locations,us_county,grenada,lower,,MS,
us_locations,us_county,griggs,lower,,ND,
us_locations,us_county,grimes,lower,,TX,
us_locations,us_county,grundy,lower,,IL IA MO TN,
us_locations,us_county,guadalupe,lower,,NM TX,
us_locations,us_county,guernsey,lower,,OH,
us_locations,us_county,guilford,lower,,NC,
us_locations,us_county,gulf,lower,,FL,
us_locations,us_county,gunnison,lower,,CO,
us_locations,us_county,guthrie,lower,,IA,
us_locations,us_county,gwinnett,lower,,GA,
us_locations,us_county,haakon,lower,,SD,
us_locations,us_county,habersham,lower,,GA,
us_locations,us_county,haines,lower,,AK,
us_locations,us_county,hale,lower,,AL TX,
us_locations,us_county,halifax,lower,,NC VA,
us_locations,us_county,hall,lower,,GA NE TX,
us_locations,us_county,hamblen,lower,,TN,
us_locations,us_county,hamilton,lower,,FL IL IN IA KS NE NY OH TN TX,
us_locations,us_county,hamlin,lower,,SD,
us_locations,us_county,hampden,lower,,MA,
us_locations,us_county,hampshire,lower,,MA WV,
us_locations,us_county,hampton,lower,,SC VA,
us_locations,us_county,hancock,lower,,GA IL IN IA KY ME MS OH TN WV,
us_locations,us_county,hand,lower,,SD,
us_locations,us_county,hanover,lower,,VA,
us_locations,us_county,hansford,lower,,TX,
us_locations,us_county,hanson,lower,,SD,
us_locations,us_county,haralson,lower,,GA,
us_locations,us_county,hardee,lower,,FL,
us_locations,us_county,hardeman,lower,,TN TX,
us_locations,us_county,hardin,lower,,IL IA KY OH TN TX,
us_locations,us_county,harding,lower,,NM SD,
us_locations,us_county,hardy,lower,,WV,
us_locations,us_county,harford,lower,,MD,
us_locations,us_county,harlan,lower,,KY NE,
us_locations,us_county,harmon,lower,,OK,
us_locations,us_county,harnett,lower,,NC,
us_locations,us_county,harney,lower,,OR,
us_locations,us_county,harper,lower,,KS OK,
us_locations,us_county,harris,lower,,GA TX,
us_locations,us_county,harrison,lower,,IN IA KY MS MO OH TX WV,
us_locations,us_county,harrisonburg,lower,,VA,
us_locations,us_county,hart,lower,,GA KY,
us_locations,us_county,hartford,lower,,CT,
us_locations,us_county,hartley,lower,,TX,
us_locations,us_county,harvey,lower,,KS,
us_locations,us_county,haskell,lower,,KS OK TX,
us_locations,us_county,hawkins,lower,,TN,
us_locations,us_county,hayes,lower,,NE,
us_locations,us_county,hays,lower,,TX,
us_locations,us_county,haywood,lower,,NC TN,
us_locations,us_county,heard,lower,,GA,
us_locations,us_county,hemphill,lower,,TX,
us_locations,us_county,hempstead,lower,,AR,
us_locations,us_county,henderson,lower,,IL KY NC TN TX,
us_locations,us_county,hendricks,lower,,IN,
us_locations,us_county,hendry,lower,,FL,
us_locations,us_county,hennepin,lower,,MN,
us_locations,us_county,henrico,lower,,VA,
us_locations,us_county,henry,lower,,AL GA IL IN IA KY MO OH TN VA,
us_locations,us_county,herkimer,lower,,NY,
us_locations,us_county,hernando,lower,,FL,
us_locations,us_county,hertford,lower,,NC,
us_locations,us_county,hettinger,lower,,ND,
us_locations,us_county,hickman,lower,,KY TN,
us_locations,us_county,hickory,lower,,MO,
us_locations,us_county,hidalgo,lower,,NM TX,
us_locations,us_county,highland,lower,,OH VA,
us_locations,us_county,highlands,lower,,FL,
us_locations,us_county,hill,lower,,MT TX,
us_locations,us_county,hillsborough,lower,,FL NH,
us_locations,us_county,hillsdale,lower,,MI,
us_locations,us_county,hinds,lower,,MS,
us_locations,us_county,hinsdale,lower,,CO,
us_locations,us_county,hitchcock,lower,,NE,
us_locations,us_county,hocking,lower,,OH,
us_locations,us_county,hockley,lower,,TX,
us_locations,us_county,hodgeman,lower,,KS,
us_locations,us_county,hoke,lower,,NC,
us_locations,us_county,holmes,lower,,FL MS OH,
us_locations,us_county,holt,lower,,MO NE,
us_locations,us_county,honolulu,lower,,HI,
us_locations,us_county,hood,lower,,TX,
us_locations,us_county,hood river,lower,,OR,
us_locations,us_county,hooker,lower,,NE,
us_locations,us_county,hoonah-angoon,lower,,AK,
us_locations,us_county,hopewell,lower,,VA,
us_locations,us_county,hopkins,lower,,KY TX,
us_locations,us_county,horry,lower,,SC,
us_locations,us_county,hot spring,lower,,AR,
us_locations,us_county,hot springs,lower,,WY,
us_locations,us_county,houghton,lower,,MI,
us_locations,us_county,houston,lower,,AL GA MN TN TX,
us_locations,us_county,howard,lower,,AR IN IA MD MO NE TX,
us_locations,us_county,howell,lower,,MO,
us_locations,us_county,hubbard,lower,,MN,
us_locations,us_county,hudson,lower,,NJ,
us_locations,us_county,hudspeth,lower,,TX,
us_locations,us_county,huerfano,lower,,CO,
us_locations,us_county,hughes,lower,,OK SD,
us_locations,us_county,humboldt,lower,,CA IA NV,
us_locations,us_county,humphreys,lower,,MS TN,
us_locations,us_county,hunt,lower,,TX,
us_locations,us_county,hunterdon,lower,,NJ,
us_locations,us_county,huntingdon,lower,,PA,
us_locations,us_county,huntington,lower,,IN,
us_locations,us_county,huron,lower,,MI OH,
us_locations,us_county,hutchinson,lower,,SD TX,
us_locations,us_county,hyde,lower,,NC SD,
us_locations,us_county,iberia,lower,,LA,
us_locations,us_county,iberville,lower,,LA,
us_locations,us_county,ida,lower,,IA,
us_locations,us_county,imperial,lower,,CA,
us_locations,us_county,independence,lower,,AR,
us_locations,us_county,indian river,lower,,FL,
us_locations,us_county,ingham,lower,,MI,
us_locations,us_county,inyo,lower,,CA,
us_locations,us_county,ionia,lower,,MI,
us_locations,us_county,iosco,lower,,MI,
us_locations,us_county,iredell,lower,,NC,
us_locations,us_county,irion,lower,,TX,
us_locations,us_county,iron,lower,,MI MO UT WI,
us_locations,us_county,iroquois,lower,,IL,
us_locations,us_county,irwin,lower,,GA,
us_locations,us_county,isabella,lower,,MI,
us_locations,us_county,isanti,lower,,MN,
us_locations,us_county,island,lower,,WA,
us_locations,us_county,isle of wight,lower,,VA,
us_locations,us_county,issaquena,lower,,MS,
us_locations,us_county,itasca,lower,,MN,
us_locations,us_county,itawamba,lower,,MS,
us_locations,us_county,izard,lower,,AR,
us_locations,us_county,jack,lower,,TX,
us_locations,us_county,jackson,lower,,AL AR CO FL GA IL IN IA KS KY LA MI MN MS MO NC OH OK OR SD TN TX WV WI,
us_locations,us_county,james city,lower,,VA,
us_locations,us_county,jasper,lower,,GA IL IN IA MS MO SC TX,
us_locations,us_county,jay,lower,,IN,
us_locations,us_county,jeff davis,lower,,GA TX,
us_locations,us_county,jefferson,lower,,AL AR CO FL GA ID IL IN IA KS KY LA MS MO MT NE NY OH OK OR PA TN TX WA WV WI,
us_locations,us_county,jefferson davis,lower,,LA MS,
us_locations,us_county,jenkins,lower,,GA,
us_locations,us_county,jennings,lower,,IN,
us_locations,us_county,jerauld,lower,,SD,
us_locations,us_county,jerome,lower,,ID,
us_locations,us_county,jersey,lower,,IL,
us_locations,us_county,jessamine,lower,,KY,
us_locations,us_county,jewell,lower,,KS,
us_locations,us_county,jim hogg,lower,,TX,
us_locations,us_county,jim wells,lower,,TX,
us_locations,us_county,jo daviess,lower,,IL,
us_locations,us_county,johnson,lower,,AR GA IL IN IA KS KY MO NE TN TX WY,
us_locations,us_county,johnston,lower,,NC OK,
us_locations,us_county,jones,lower,,GA IA MS NC SD TX,
us_locations,us_county,josephine,lower,,OR,
us_locations,us_county,juab,lower,,UT,
us_locations,us_county,judith basin,lower,,MT,
us_locations,us_county,juneau,lower,,AK WI,
us_locations,us_county,juniata,lower,,PA,
us_locations,us_county,kalamazoo,lower,,MI,
us_locations,us_county,kalawao,lower,,HI,
us_locations,us_county,kalkaska,lower,,MI,
us_locations,us_county,kanabec,lower,,MN,
us_locations,us_county,kanawha,lower,,WV,
us_locations,us_county,kandiyohi,lower,,MN,
us_locations,us_county,kane,lower,,IL UT,
us_locations,us_county,kankakee,lower,,IL,
us_locations,us_county,karnes,lower,,TX,
us_locations,us_county,kauai,lower,,HI,
us_locations,us_county,kaufman,lower,,TX,
us_locations,us_county,kay,lower,,OK,
us_locations,us_county,kearney,lower,,NE,
us_locations,us_county,kearny,lower,,KS,
us_locations,us_county,keith,lower,,NE,
us_locations,us_county,kemper,lower,,MS,
us_locations,us_county,kenai peninsula,lower,,AK,
us_locations,us_county,kendall,lower,,IL TX,
us_locations,us_county,kenedy,lower,,TX,
us_locations,us_county,kennebec,lower,,ME,
us_locations,us_county,kenosha,lower,,WI,
us_locations,us_county,kent,lower,,DE MD MI RI TX,
us_locations,us_county,kenton,lower,,KY,
us_locations,us_county,keokuk,lower,,IA,
us_locations,us_county,kern,lower,,CA,
us_locations,us_county,kerr,lower,,TX,
us_locations,us_county,kershaw,lower,,SC,
us_locations,us_county,ketchikan gateway,lower,,AK,
us_locations,us_county,kewaunee,lower,,WI,
us_locations,us_county,keweenaw,lower,,MI,
us_locations,us_county,keya paha,lower,,NE,
us_locations,us_county,kidder,lower,,ND,
us_locations,us_county,kimball,lower,,NE,
us_locations,us_county,kimble,lower,,TX,
us_locations,us_county,king,lower,,TX WA,
us_locations,us_county,king and queen,lower,,VA,
us_locations,us_county,king george,lower,,VA,
us_locations,us_county,king william,lower,,VA,
us_locations,us_county,kingfisher,lower,,OK,
us_locations,us_county,kingman,lower,,KS,
us_locations,us_county,kings,lower,,CA NY,
us_locations,us_county,kingsbury,lower,,SD,
us_locations,us_county,kinney,lower,,TX,
us_locations,us_county,kiowa,lower,,CO KS OK,
us_locations,us_county,kit carson,lower,,CO,
us_locations,us_county,kitsap,lower,,WA,
us_locations,us_county,kittitas,lower,,WA,
us_locations,us_county,kittson,lower,,MN,
us_locations,us_county,klamath,lower,,OR,
us_locations,us_county,kleberg,lower,,TX,
us_locations,us_county,klickitat,lower,,WA,
us_locations,us_county,knott,lower,,KY,
us_locations,us_county,knox,lower,,IL IN KY ME MO NE OH TN TX,
us_locations,us_county,kodiak island,lower,,AK,
us_locations,us_county,koochiching,lower,,MN,
us_locations,us_county,kootenai,lower,,ID,
us_locations,us_county,kosciusko,lower,,IN,
us_locations,us_county,kossuth,lower,,IA,
us_locations,us_county,la crosse,lower,,WI,
us_locations,us_county,la paz,lower,,AZ,
us_locations,us_county,la plata,lower,,CO,
us_locations,us_county,la salle,lower,,LA TX,
us_locations,us_county,labette,lower,,KS,
us_locations,us_county,lac qui parle,lower,,MN,
us_locations,us_county,lackawanna,lower,,PA,
us_locations,us_county,laclede,lower,,MO,
us_locations,us_county,lafayette,lower,,AR FL LA MS MO WI,
us_locations,us_county,lafourche,lower,,LA,
us_locations,us_county,lagrange,lower,,IN,
us_locations,us_county,lake,lower,,CA CO FL IL IN MI MN MT OH OR SD TN,
us_locations,us_county,lake and peninsula,lower,,AK,
us_locations,us_county,lake of the woods,lower,,MN,
us_locations,us_county,lamar,lower,,AL GA MS TX,
us_locations,us_county,lamb,lower,,TX,
us_locations,us_county,lamoille,lower,,VT,
us_locations,us_county,lamoure,lower,,ND,
us_locations,us_county,lampasas,lower,,TX,
us_locations,us_county,lancaster,lower,,NE PA SC VA,
us_locations,us_county,lander,lower,,NV,
us_locations,us_county,lane,lower,,KS OR,
us_locations,us_county,langlade,lower,,WI,
us_locations,us_county,lanier,lower,,GA,
us_locations,us_county,lapeer,lower,,MI,
us_locations,us_county,laporte,lower,,IN,
us_locations,us_county,laramie,lower,,WY,
us_locations,us_county,larimer,lower,,CO,
us_locations,us_county,larue,lower,,KY,
us_locations,us_county,las animas,lower,,CO,
us_locations,us_county,lasalle,lower,,IL,
us_locations,us_county,lassen,lower,,CA,
us_locations,us_county,latah,lower,,ID,
us_locations,us_county,latimer,lower,,OK,
us_locations,us_county,lauderdale,lower,,AL MS TN,
us_locations,us_county,laurel,lower,,KY,
us_locations,us_county,laurens,lower,,GA SC,
us_locations,us_county,lavaca,lower,,TX,
us_locations,us_county,lawrence,lower,,AL AR IL IN KY MS MO OH PA SD TN,
us_locations,us_county,le flore,lower,,OK,
us_locations,us_county,le sueur,lower,,MN,
us_locations,us_county,lea,lower,,NM,
us_locations,us_county,leake,lower,,MS,
us_locations,us_county,leavenworth,lower,,KS,
us_locations,us_county,lebanon,lower,,PA,
us_locations,us_county,lee,lower,,AL AR FL GA IL IA KY MS NC SC TX VA,
us_locations,us_county,leelanau,lower,,MI,
us_locations,us_county,leflore,lower,,MS,
us_locations,us_county,lehigh,lower,,PA,
us_locations,us_county,lemhi,lower,,ID,
us_locations,us_county,lenawee,lower,,MI,
us_locations,us_county,lenoir,lower,,NC,
us_locations,us_county,leon,lower,,FL TX,
us_locations,us_county,leslie,lower,,KY,
us_locations,us_county,letcher,lower,,KY,
us_locations,us_county,levy,lower,,FL,
us_locations,us_county,lewis,lower,,ID KY MO NY TN WA WV,
us_locations,us_county,lewis and clark,lower,,MT,
us_locations,us_county,lexington,lower,,SC VA,
us_locations,us_county,liberty,lower,,FL GA MT TX,
us_locations,us_county,licking,lower,,OH,
us_locations,us_county,limestone,lower,,AL TX,
us_locations,us_county,lincoln,lower,,AR CO GA ID KS KY LA ME MN MS MO MT NE NV NM NC OK OR SD TN WA WV WI WY,
us_locations,us_county,linn,lower,,IA KS MO OR,
us_locations,us_county,lipscomb,lower,,TX,
us_locations,us_county,litchfield,lower,,CT,
us_locations,us_county,little river,lower,,AR,
us_locations,us_county,live oak,lower,,TX,
us_locations,us_county,livingston,lower,,IL KY LA MI MO NY,
us_locations,us_county,llano,lower,,TX,
us_locations,us_county,logan,lower,,AR CO IL KS KY NE ND OH OK WV,
us_locations,us_county,long,lower,,GA,
us_locations,us_county,lonoke,lower,,AR,
us_locations,us_county,lorain,lower,,OH,
us_locations,us_county,los alamos,lower,,NM,
us_locations,us_county,los angeles,lower,,CA,
us_locations,us_county,loudon,lower,,TN,
us_locations,us_county,loudoun,lower,,VA,
us_locations,us_county,louisa,lower,,IA VA,
us_locations,us_county,loup,lower,,NE,
us_locations,us_county,love,lower,,OK,
us_locations,us_county,loving,lower,,TX,
us_locations,us_county,lowndes,lower,,AL GA MS,
us_locations,us_county,lubbock,lower,,TX,
us_locations,us_county,lucas,lower,,IA OH,
us_locations,us_county,luce,lower,,MI,
us_locations,us_county,lumpkin,lower,,GA,
us_locations,us_county,luna,lower,,NM,
us_locations,us_county,lunenburg,lower,,VA,
us_locations,us_county,luzerne,lower,,PA,
us_locations,us_county,lycoming,lower,,PA,
us_locations,us_county,lyman,lower,,SD,
us_locations,us_county,lynchburg,lower,,VA,
us_locations,us_county,lynn,lower,,TX,
us_locations,us_county,lyon,lower,,IA KS KY MN NV,
us_locations,us_county,mackinac,lower,,MI,
us_locations,us_county,macomb,lower,,MI,
us_locations,us_county,macon,lower,,AL GA IL MO NC TN,
us_locations,us_county,macoupin,lower,,IL,
us_locations,us_county,madera,lower,,CA,
us_locations,us_county,madison,lower,,AL AR FL GA ID IL IN IA KY LA MS MO MT NE NY NC OH TN TX VA,
us_locations,us_county,magoffin,lower,,KY,
us_locations,us_county,mahaska,lower,,IA,
us_locations,us_county,mahnomen,lower,,MN,
us_locations,us_county,mahoning,lower,,OH,
us_locations,us_county,major,lower,,OK,
us_locations,us_county,malheur,lower,,OR,
us_locations,us_county,manassas,lower,,VA,
us_locations,us_county,manassas park,lower,,VA,
us_locations,us_county,manatee,lower,,FL,
us_locations,us_county,manistee,lower,,MI,
us_locations,us_county,manitowoc,lower,,WI,
us_locations,us_county,marathon,lower,,WI,
us_locations,us_county,marengo,lower,,AL,
us_locations,us_county,maricopa,lower,,AZ,
us_locations,us_county,maries,lower,,MO,
us_locations,us_county,marin,lower,,CA,
us_locations,us_county,marinette,lower,,WI,
us_locations,us_county,marion,lower,,AL AR FL GA IL IN IA KS KY MS MO OH OR SC TN TX WV,
us_locations,us_county,mariposa,lower,,CA,
us_locations,us_county,marlboro,lower,,SC,
us_locations,us_county,marquette,lower,,MI WI,
us_locations,us_county,marshall,lower,,AL IL IN IA KS KY MN MS OK SD TN WV,
us_locations,us_county,martin,lower,,FL IN KY MN NC TX,
us_locations,us_county,martinsville,lower,,VA,
us_locations,us_county,mason,lower,,IL KY MI TX WA WV,
us_locations,us_county,massac,lower,,IL,
us_locations,us_county,matagorda,lower,,TX,
us_locations,us_county,matanuska-susitna,lower,,AK,
us_locations,us_county,mathews,lower,,VA,
us_locations,us_county,maui,lower,,HI,
us_locations,us_county,maury,lower,,TN,
us_locations,us_county,maverick,lower,,TX,
us_locations,us_county,mayes,lower,,OK,
us_locations,us_county,mcclain,lower,,OK,
us_locations,us_county,mccone,lower,,MT,
us_locations,us_county,mccook,lower,,SD,
us_locations,us_county,mccormick,lower,,SC,
us_locations,us_county,mccracken,lower,,KY,
us_locations,us_county,mccreary,lower,,KY,
us_locations,us_county,mcculloch,lower,,TX,
us_locations,us_county,mccurtain,lower,,OK,
us_locations,us_county,mcdonald,lower,,MO,
us_locations,us_county,mcdonough,lower,,IL,
us_locations,us_county,mcdowell,lower,,NC WV,
us_locations,us_county,mcduffie,lower,,GA,
us_locations,us_county,mchenry,lower,,IL ND,
us_locations,us_county,mcintosh,lower,,GA ND OK,
us_locations,us_county,mckean,lower,,PA,
us_locations,us_county,mckenzie,lower,,ND,
us_locations,us_county,mckinley,lower,,NM,
us_locations,us_county,mclean,lower,,IL KY ND,
us_locations,us_county,mclennan,lower,,TX,
us_locations,us_county,mcleod,lower,,MN,
us_locations,us_county,mcminn,lower,,TN,
us_locations,us_county,mcmullen,lower,,TX,
us_locations,us_county,mcnairy,lower,,TN,
us_locations,us_county,mcpherson,lower,,KS NE SD,
us_locations,us_county,meade,lower,,KS KY SD,
us_locations,us_county,meagher,lower,,MT,
us_locations,us_county,mecklenburg,lower,,NC VA,
us_locations,us_county,mecosta,lower,,MI,
us_locations,us_county,medina,lower,,OH TX,
us_locations,us_county,meeker,lower,,MN,
us_locations,us_county,meigs,lower,,OH TN,
us_locations,us_county,mellette,lower,,SD,
us_locations,us_county,menard,lower,,IL TX,
us_locations,us_county,mendocino,lower,,CA,
us_locations,us_county,menifee,lower,,KY,
us_locations,us_county,menominee,lower,,MI WI,
us_locations,us_county,merced,lower,,CA,
us_locations,us_county,mercer,lower,,IL KY MO NJ ND OH PA WV,
us_locations,us_county,meriwether,lower,,GA,
us_locations,us_county,merrick,lower,,NE,
us_locations,us_county,merrimack,lower,,NH,
us_locations,us_county,mesa,lower,,CO,
us_locations,us_county,metcalfe,lower,,KY,
us_locations,us_county,miami,lower,,IN KS OH,
us_locations,us_county,miami-dade,lower,,FL,
us_locations,us_county,middlesex,lower,,CT MA NJ VA,
us_locations,us_county,midland,lower,,MI TX,
us_locations,us_county,mifflin,lower,,PA,
us_locations,us_county,milam,lower,,TX,
us_locations,us_county,millard,lower,,UT,
us_locations,us_county,mille lacs,lower,,MN,
us_locations,us_county,miller,lower,,AR GA MO,
us_locations,us_county,mills,lower,,IA TX,
us_locations,us_county,milwaukee,lower,,WI,
us_locations,us_county,miner,lower,,SD,
us_locations,us_county,mineral,lower,,CO MT NV WV,
us_locations,us_county,mingo,lower,,WV,
us_locations,us_county,minidoka,lower,,ID,
us_locations,us_county,minnehaha,lower,,SD,
us_locations,us_county,missaukee,lower,,MI,
us_locations,us_county,missoula,lower,,MT,
us_locations,us_county,mitchell,lower,,GA IA KS NC TX,
us_locations,us_county,mobile,lower,,AL,
us_locations,us_county,modoc,lower,,CA,
us_locations,us_county,moffat,lower,,CO,
us_locations,us_county,mohave,lower,,AZ,
us_locations,us_county,moniteau,lower,,MO,
us_locations,us_county,monmouth,lower,,NJ,
us_locations,us_county,mono,lower,,CA,
us_locations,us_county,monona,lower,,IA,
us_locations,us_county,monongalia,lower,,WV,
us_locations,us_county,monroe,lower,,AL AR FL GA IL IN IA KY MI MS MO NY OH PA TN WV WI,
us_locations,us_county,montague,lower,,TX,
us_locations,us_county,montcalm,lower,,MI,
us_locations,us_county,monterey,lower,,CA,
us_locations,us_county,montezuma,lower,,CO,
us_locations,us_county,montgomery,lower,,AL AR GA IL IN IA KS KY MD MS MO NY NC OH PA TN TX VA,
us_locations,us_county,montmorency,lower,,MI,
us_locations,us_county,montour,lower,,PA,
us_locations,us_county,montrose,lower,,CO,
us_locations,us_county,moody,lower,,SD,
us_locations,us_county,moore,lower,,NC TN TX,
us_locations,us_county,mora,lower,,NM,
us_locations,us_county,morehouse,lower,,LA,
us_locations,us_county,morgan,lower,,AL CO GA IL IN KY MO OH TN UT WV,
us_locations,us_county,morrill,lower,,NE,
us_locations,us_county,morris,lower,,KS NJ TX,
us_locations,us_county,morrison,lower,,MN,
us_locations,us_county,morrow,lower,,OH OR,
us_locations,us_county,morton,lower,,KS ND,
us_locations,us_county,motley,lower,,TX,
us_locations,us_county,moultrie,lower,,IL,
us_locations,us_county,mountrail,lower,,ND,
us_locations,us_county,mower,lower,,MN,
us_locations,us_county,muhlenberg,lower,,KY,
us_locations,us_county,multnomah,lower,,OR,
us_locations,us_county,murray,lower,,GA MN OK,
us_locations,us_county,muscatine,lower,,IA,
us_locations,us_county,muscogee,lower,,GA,
us_locations,us_county,muskegon,lower,,MI,
us_locations,us_county,muskingum,lower,,OH,
us_locations,us_county,muskogee,lower,,OK,
us_locations,us_county,musselshell,lower,,MT,
us_locations,us_county,nacogdoches,lower,,TX,
us_locations,us_county,nance,lower,,NE,
us_locations,us_county,nantucket,lower,,MA,
us_locations,us_county,napa,lower,,CA,
us_locations,us_county,nash,lower,,NC,
us_locations,us_county,nassau,lower,,FL NY,
us_locations,us_county,natchitoches,lower,,LA,
us_locations,us_county,natrona,lower,,WY,
us_locations,us_county,navajo,lower,,AZ,
us_locations,us_county,navarro,lower,,TX,
us_locations,us_county,nelson,lower,,KY ND VA,
us_locations,us_county,nemaha,lower,,KS NE,
us_locations,us_county,neosho,lower,,KS,
us_locations,us_county,neshoba,lower,,MS,
us_locations,us_county,ness,lower,,KS,
us_locations,us_county,new castle,lower,,DE,
us_locations,us_county,new hanover,lower,,NC,
us_locations,us_county,new haven,lower,,CT,
us_locations,us_county,new kent,lower,,VA,
us_locations,us_county,new london,lower,,CT,
us_locations,us_county,new madrid,lower,,MO,
us_locations,us_county,newaygo,lower,,MI,
us_locations,us_county,newberry,lower,,SC,
us_locations,us_county,newport,lower,,RI,
us_locations,us_county,newport news,lower,,VA,
us_locations,us_county,newton,lower,,AR GA IN MS MO TX,
us_locations,us_county,nez perce,lower,,ID,
us_locations,us_county,niagara,lower,,NY,
us_locations,us_county,nicholas,lower,,KY WV,
us_locations,us_county,nicollet,lower,,MN,
us_locations,us_county,niobrara,lower,,WY,
us_locations,us_county,noble,lower,,IN OH OK,
us_locations,us_county,nobles,lower,,MN,
us_locations,us_county,nodaway,lower,,MO,
us_locations,us_county,nolan,lower,,TX,
us_locations,us_county,nome,lower,,AK,
us_locations,us_county,norfolk,lower,,MA VA,
us_locations,us_county,norman,lower,,MN,
us_locations,us_county,north slope,lower,,AK,
us_locations,us_county,northampton,lower,,NC PA VA,
us_locations,us_county,northumberland,lower,,PA VA,
us_locations,us_county,northwest arctic,lower,,AK,
us_locations,us_county,norton,lower,,KS VA,
us_locations,us_county,nottoway,lower,,VA,
us_locations,us_county,nowata,lower,,OK,
us_locations,us_county,noxubee,lower,,MS,
us_locations,us_county,nuckolls,lower,,NE,
us_locations,us_county,nueces,lower,,TX,
us_locations,us_county,nye,lower,,NV,
us_locations,us_county,o'brien,lower,,IA,
us_locations,us_county,oakland,lower,,MI,
us_locations,us_county,obion,lower,,TN,
us_locations,us_county,ocean,lower,,NJ,
us_locations,us_county,oceana,lower,,MI,
us_locations,us_county,ochiltree,lower,,TX,
us_locations,us_county,oconee,lower,,GA SC,
us_locations,us_county,oconto,lower,,WI,
us_locations,us_county,ogemaw,lower,,MI,
us_locations,us_county,ogle,lower,,IL,
us_locations,us_county,oglethorpe,lower,,GA,
us_locations,us_county,okaloosa,lower,,FL,
us_locations,us_county,okanogan,lower,,WA,
us_locations,us_county,okeechobee,lower,,FL,
us_locations,us_county,okfuskee,lower,,OK,
us_locations,us_county,okmulgee,lower,,OK,
us_locations,us_county,oktibbeha,lower,,MS,
us_locations,us_county,oldham,lower,,KY TX,
us_locations,us_county,oliver,lower,,ND,
us_locations,us_county,olmsted,lower,,MN,
us_locations,us_county,oneida,lower,,ID NY WI,
us_locations,us_county,onondaga,lower,,NY,
us_locations,us_county,onslow,lower,,NC,
us_locations,us_county,ontario,lower,,NY,
us_locations,us_county,ontonagon,lower,,MI,
us_locations,us_county,orange,lower,,CA FL IN NY NC TX VT VA,
us_locations,us_county,orangeburg,lower,,SC,
us_locations,us_county,orleans,lower,,LA NY VT,
us_locations,us_county,osage,lower,,KS MO OK,
us_locations,us_county,osborne,lower,,KS,
us_locations,us_county,osceola,lower,,FL IA MI,
us_locations,us_county,oscoda,lower,,MI,
us_locations,us_county,oswego,lower,,NY,
us_locations,us_county,otero,lower,,CO NM,
us_locations,us_county,otoe,lower,,NE,
us_locations,us_county,otsego,lower,,MI NY,
us_locations,us_county,ottawa,lower,,KS MI OH OK,
us_locations,us_county,otter tail,lower,,MN,
us_locations,us_county,ouachita,lower,,AR LA,
us_locations,us_county,ouray,lower,,CO,
us_locations,us_county,outagamie,lower,,WI,
us_locations,us_county,overton,lower,,TN,
us_locations,us_county,owen,lower,,IN KY,
us_locations,us_county,owsley,lower,,KY,
us_locations,us_county,owyhee,lower,,ID,
us_locations,us_county,oxford,lower,,ME,
us_locations,us_county,ozark,lower,,MO,
us_locations,us_county,ozaukee,lower,,WI,
us_locations,us_county,pacific,lower,,WA,
us_locations,us_county,page,lower,,IA VA,
us_locations,us_county,palm beach,lower,,FL,
us_locations,us_county,palo alto,lower,,IA,
us_locations,us_county,palo pinto,lower,,TX,
us_locations,us_county,pamlico,lower,,NC,
us_locations,us_county,panola,lower,,MS TX,
us_locations,us_county,park,lower,,CO MT WY,
us_locations,us_county,parke,lower,,IN,
us_locations,us_county,parker,lower,,TX,
us_locations,us_county,parmer,lower,,TX,
us_locations,us_county,pasco,lower,,FL,
us_locations,us_county,pasquotank,lower,,NC,
us_locations,us_county,passaic,lower,,NJ,
us_locations,us_county,patrick,lower,,VA,
us_locations,us_county,paulding,lower,,GA OH,
us_locations,us_county,pawnee,lower,,KS NE OK,
us_locations,us_county,payette,lower,,ID,
us_locations,us_county,payne,lower,,OK,
us_locations,us_county,peach,lower,,GA,
us_locations,us_county,pearl river,lower,,MS,
us_locations,us_county,pecos,lower,,TX,
us_locations,us_county,pembina,lower,,ND,
us_locations,us_county,pemiscot,lower,,MO,
us_locations,us_county,pend oreille,lower,,WA,
us_locations,us_county,pender,lower,,NC,
us_locations,us_county,pendleton,lower,,KY WV,
us_locations,us_county,pennington,lower,,MN SD,
us_locations,us_county,penobscot,lower,,ME,
us_locations,us_county,peoria,lower,,IL,
us_locations,us_county,pepin,lower,,WI,
us_locations,us_county,perkins,lower,,NE SD,
us_locations,us_county,perquimans,lower,,NC,
us_locations,us_county,perry,lower,,AL AR IL IN KY MS MO OH PA TN,
us_locations,us_county,pershing,lower,,NV,
us_locations,us_county,person,lower,,NC,
us_locations,us_county,petersburg,lower,,AK VA,
us_locations,us_county,petroleum,lower,,MT,
us_locations,us_county,pettis,lower,,MO,
us_locations,us_county,phelps,lower,,MO NE,
us_locations,us_county,philadelphia,lower,,PA,
us_locations,us_county,phillips,lower,,AR CO KS MT,
us_locations,us_county,piatt,lower,,IL,
us_locations,us_county,pickaway,lower,,OH,
us_locations,us_county,pickens,lower,,AL GA SC,
us_locations,us_county,pickett,lower,,TN,
us_locations,us_county,pierce,lower,,GA NE ND WA WI,
us_locations,us_county,pike,lower,,AL AR GA IL IN KY MS MO OH PA,
us_locations,us_county,pima,lower,,AZ,
us_locations,us_county,pinal,lower,,AZ,
us_locations,us_county,pine,lower,,MN,
us_locations,us_county,pinellas,lower,,FL,
us_locations,us_county,pipestone,lower,,MN,
us_locations,us_county,piscataquis,lower,,ME,
us_locations,us_county,pitkin,lower,,CO,
us_locations,us_county,pitt,lower,,NC,
us_locations,us_county,pittsburg,lower,,OK,
us_locations,us_county,pittsylvania,lower,,VA,
us_locations,us_county,piute,lower,,UT,
us_locations,us_county,placer,lower,,CA,
us_locations,us_county,plaquemines,lower,,LA,
us_locations,us_county,platte,lower,,MO NE WY,
us_locations,us_county,pleasants,lower,,WV,
us_locations,us_county,plumas,lower,,CA,
us_locations,us_county,plymouth,lower,,IA MA,
us_locations,us_county,pocahontas,lower,,IA WV,
us_locations,us_county,poinsett,lower,,AR,
us_locations,us_county,pointe coupee,lower,,LA,
us_locations,us_county,polk,lower,,AR FL GA IA MN MO NE NC OR TN TX WI,
us_locations,us_county,pondera,lower,,MT,
us_locations,us_county,pontotoc,lower,,MS OK,
us_locations,us_county,pope,lower,,AR IL MN,
us_locations,us_county,poquoson,lower,,VA,
us_locations,us_county,portage,lower,,OH WI,
us_locations,us_county,porter,lower,,IN,
us_locations,us_county,portsmouth,lower,,VA,
us_locations,us_county,posey,lower,,IN,
us_locations,us_county,pottawatomie,lower,,KS OK,
us_locations,us_county,pottawattamie,lower,,IA,
us_locations,us_county,potter,lower,,PA SD TX,
us_locations,us_county,powder river,lower,,MT,
us_locations,us_county,powell,lower,,KY MT,
us_locations,us_county,power,lower,,ID,
us_locations,us_county,poweshiek,lower,,IA,
us_locations,us_county,powhatan,lower,,VA,
us_locations,us_county,prairie,lower,,AR MT,
us_locations,us_county,pratt,lower,,KS,
us_locations,us_county,preble,lower,,OH,
us_locations,us_county,prentiss,lower,,MS,
us_locations,us_county,presidio,lower,,TX,
us_locations,us_county,presque isle,lower,,MI,
us_locations,us_county,preston,lower,,WV,
us_locations,us_county,price,lower,,WI,
us_locations,us_county,prince edward,lower,,VA,
us_locations,us_county,prince george,lower,,VA,
us_locations,us_county,prince george's,lower,,MD,
us_locations,us_county,prince of wales-hyder,lower,,AK,
us_locations,us_county,prince william,lower,,VA,
us_locations,us_county,providence,lower,,RI,
us_locations,us_county,prowers,lower,,CO,
us_locations,us_county,pueblo,lower,,CO,
us_locations,us_county,pulaski,lower,,AR GA IL IN KY MO VA,
us_locations,us_county,pushmataha,lower,,OK,
us_locations,us_county,putnam,lower,,FL GA IL IN MO NY OH TN WV,
us_locations,us_county,quay,lower,,NM,
us_locations,us_county,queen anne's,lower,,MD,
us_locations,us_county,queens,lower,,NY,
us_locations,us_county,quitman,lower,,GA MS,
us_locations,us_county,rabun,lower,,GA,
us_locations,us_county,racine,lower,,WI,
us_locations,us_county,radford,lower,,VA,
us_locations,us_county,rains,lower,,TX,
us_locations,us_county,raleigh,lower,,WV,
us_locations,us_county,ralls,lower,,MO,
us_locations,us_county,ramsey,lower,,MN ND,
us_locations,us_county,randall,lower,,TX,
us_locations,us_county,randolph,lower,,AL AR GA IL IN MO NC WV,
us_locations,us_county,rankin,lower,,MS,
us_locations,us_county,ransom,lower,,ND,
us_locations,us_county,rapides,lower,,LA,
us_locations,us_county,rappahannock,lower,,VA,
us_locations,us_county,ravalli,lower,,MT,
us_locations,us_county,rawlins,lower,,KS,
us_locations,us_county,ray,lower,,MO,
us_locations,us_county,reagan,lower,,TX,
us_locations,us_county,real,lower,,TX,
us_locations,us_county,red lake,lower,,MN,
us_locations,us_county,red river,lower,,LA TX,
us_locations,us_county,red willow,lower,,NE,
us_locations,us_county,redwood,lower,,MN,
us_locations,us_county,reeves,lower,,TX,
us_locations,us_county,refugio,lower,,TX,
us_locations,us_county,reno,lower,,KS,
us_locations,us_county,rensselaer,lower,,NY,
us_locations,us_county,renville,lower,,MN ND,
us_locations,us_county,republic,lower,,KS,
us_locations,us_county,reynolds,lower,,MO,
us_locations,us_county,rhea,lower,,TN,
us_locations,us_county,rice,lower,,KS MN,
us_locations,us_county,rich,lower,,UT,
us_locations,us_county,richardson,lower,,NE,
us_locations,us_county,richland,lower,,IL LA MT ND OH SC WI,
us_locations,us_county,richmond,lower,,GA NY NC VA VA,
us_locations,us_county,riley,lower,,KS,
us_locations,us_county,ringgold,lower,,IA,
us_locations,us_county,rio arriba,lower,,NM,
us_locations,us_county,rio blanco,lower,,CO,
us_locations,us_county,rio grande,lower,,CO,
us_locations,us_county,ripley,lower,,IN MO,
us_locations,us_county,ritchie,lower,,WV,
us_locations,us_county,riverside,lower,,CA,
us_locations,us_county,roane,lower,,TN WV,
us_locations,us_county,roanoke,lower,,VA VA,
us_locations,us_county,roberts,lower,,SD TX,
us_locations,us_county,robertson,lower,,KY TN TX,
us_locations,us_county,robeson,lower,,NC,
us_locations,us_county,rock,lower,,MN NE WI,
us_locations,us_county,rock island,lower,,IL,
us_locations,us_county,rockbridge,lower,,VA,
us_locations,us_county,rockcastle,lower,,KY,
us_locations,us_county,rockdale,lower,,GA,
us_locations,us_county,rockingham,lower,,NH NC VA,
us_locations,us_county,rockland,lower,,NY,
us_locations,us_county,rockwall,lower,,TX,
us_locations,us_county,roger mills,lower,,OK,
us_locations,us_county,rogers,lower,,OK,
us_locations,us_county,rolette,lower,,ND,
us_locations,us_county,rooks,lower,,KS,
us_locations,us_county,roosevelt,lower,,MT NM,
us_locations,us_county,roscommon,lower,,MI,
us_locations,us_county,roseau,lower,,MN,
us_locations,us_county,rosebud,lower,,MT,
us_locations,us_county,ross,lower,,OH,
us_locations,us_county,routt,lower,,CO,
us_locations,us_county,rowan,lower,,KY NC,
us_locations,us_county,runnels,lower,,TX,
us_locations,us_county,rush,lower,,IN KS,
us_locations,us_county,rusk,lower,,TX WI,
us_locations,us_county,russell,lower,,AL KS KY VA,
us_locations,us_county,rutherford,lower,,NC TN,
us_locations,us_county,rutland,lower,,VT,
us_locations,us_county,sabine,lower,,LA TX,
us_locations,us_county,sac,lower,,IA,
us_locations,us_county,sacramento,lower,,CA,
us_locations,us_county,sagadahoc,lower,,ME,
us_locations,us_county,saginaw,lower,,MI,
us_locations,us_county,saguache,lower,,CO,
us_locations,us_county,salem,lower,,NJ VA,
us_locations,us_county,saline,lower,,AR IL KS MO NE,
us_locations,us_county,salt lake,lower,,UT,
us_locations,us_county,saluda,lower,,SC,
us_locations,us_county,sampson,lower,,NC,
us_locations,us_county,san augustine,lower,,TX,
us_locations,us_county,san benito,lower,,CA,
us_locations,us_county,san bernardino,lower,,CA,
us_locations,us_county,san diego,lower,,CA,
us_locations,us_county,san francisco,lower,,CA,
us_locations,us_county,san jacinto,lower,,TX,
us_locations,us_county,san joaquin,lower,,CA,
us_locations,us_county,san juan,lower,,CO NM UT WA,
us_locations,us_county,san luis obispo,lower,,CA,
us_locations,us_county,san mateo,lower,,CA,
us_locations,us_county,san miguel,lower,,CO NM,
us_locations,us_county,san patricio,lower,,TX,
us_locations,us_county,san saba,lower,,TX,
us_locations,us_county,sanborn,lower,,SD,
us_locations,us_county,sanders,lower,,MT,
us_locations,us_county,sandoval,lower,,NM,
us_locations,us_county,sandusky,lower,,OH,
us_locations,us_county,sangamon,lower,,IL,
us_locations,us_county,sanilac,lower,,MI,
us_locations,us_county,sanpete,lower,,UT,
us_locations,us_county,santa barbara,lower,,CA,
us_locations,us_county,santa clara,lower,,CA,
us_locations,us_county,santa cruz,lower,,AZ CA,
us_locations,us_county,santa fe,lower,,NM,
us_locations,us_county,santa rosa,lower,,FL,
us_locations,us_county,sarasota,lower,,FL,
us_locations,us_county,saratoga,lower,,NY,
us_locations,us_county,sargent,lower,,ND,
us_locations,us_county,sarpy,lower,,NE,
us_locations,us_county,sauk,lower,,WI,
us_locations,us_county,saunders,lower,,NE,
us_locations,us_county,sawyer,lower,,WI,
us_locations,us_county,schenectady,lower,,NY,
us_locations,us_county,schleicher,lower,,TX,
us_locations,us_county,schley,lower,,GA,
us_locations,us_county,schoharie,lower,,NY,
us_locations,us_county,schoolcraft,lower,,MI,
us_locations,us_county,schuyler,lower,,IL MO NY,
us_locations,us_county,schuylkill,lower,,PA,
us_locations,us_county,scioto,lower,,OH,
us_locations,us_county,scotland,lower,,MO NC,
us_locations,us_county,scott,lower,,AR IL IN IA KS KY MN MS MO TN VA,
us_locations,us_county,scotts bluff,lower,,NE,
us_locations,us_county,screven,lower,,GA,
us_locations,us_county,scurry,lower,,TX,
us_locations,us_county,searcy,lower,,AR,
us_locations,us_county,sebastian,lower,,AR,
us_locations,us_county,sedgwick,lower,,CO KS,
us_locations,us_county,seminole,lower,,FL GA OK,
us_locations,us_county,seneca,lower,,NY OH,
us_locations,us_county,sequatchie,lower,,TN,
us_locations,us_county,sequoyah,lower,,OK,
us_locations,us_county,sevier,lower,,AR TN UT,
us_locations,us_county,seward,lower,,KS NE,
us_locations,us_county,shackelford,lower,,TX,
us_locations,us_county,shannon,lower,,MO SD,
us_locations,us_county,sharkey,lower,,MS,
us_locations,us_county,sharp,lower,,AR,
us_locations,us_county,shasta,lower,,CA,
us_locations,us_county,shawano,lower,,WI,
us_locations,us_county,shawnee,lower,,KS,
us_locations,us_county,sheboygan,lower,,WI,
us_locations,us_county,shelby,lower,,AL IL IN IA KY MO OH TN TX,
us_locations,us_county,shenandoah,lower,,VA,
us_locations,us_county,sherburne,lower,,MN,
us_locations,us_county,sheridan,lower,,KS MT NE ND WY,
us_locations,us_county,sherman,lower,,KS NE OR TX,
us_locations,us_county,shiawassee,lower,,MI,
us_locations,us_county,shoshone,lower,,ID,
us_locations,us_county,sibley,lower,,MN,
us_locations,us_county,sierra,lower,,CA NM,
us_locations,us_county,silver bow,lower,,MT,
us_locations,us_county,simpson,lower,,KY MS,
us_locations,us_county,sioux,lower,,IA NE ND,
us_locations,us_county,siskiyou,lower,,CA,
us_locations,us_county,sitka,lower,,AK,
us_locations,us_county,skagit,lower,,WA,
us_locations,us_county,skagway,lower,,AK,
us_locations,us_county,skamania,lower,,WA,
us_locations,us_county,slope,lower,,ND,
us_locations,us_county,smith,lower,,KS MS TN TX,
us_locations,us_county,smyth,lower,,VA,
us_locations,us_county,snohomish,lower,,WA,
us_locations,us_county,snyder,lower,,PA,
us_locations,us_county,socorro,lower,,NM,
us_locations,us_county,solano,lower,,CA,
us_locations,us_county,somerset,lower,,ME MD NJ PA,
us_locations,us_county,somervell,lower,,TX,
us_locations,us_county,sonoma,lower,,CA,
us_locations,us_county,south boston,lower,,VA,
us_locations,us_county,southampton,lower,,VA,
us_locations,us_county,southeast fairbanks,lower,,AK,
us_locations,us_county,spalding,lower,,GA,
us_locations,us_county,spartanburg,lower,,SC,
us_locations,us_county,spencer,lower,,IN KY,
us_locations,us_county,spink,lower,,SD,
us_locations,us_county,spokane,lower,,WA,
us_locations,us_county,spotsylvania,lower,,VA,
us_locations,us_county,st. bernard,lower,,LA,
us_locations,us_county,st. charles,lower,,LA MO,
us_locations,us_county,st. clair,lower,,AL IL MI MO,
us_locations,us_county,st. croix,lower,,WI,
us_locations,us_county,st. francis,lower,,AR,
us_locations,us_county,st. francois,lower,,MO,
us_locations,us_county,st. helena,lower,,LA,
us_locations,us_county,st. james,lower,,LA,
us_locations,us_county,st. john the baptist,lower,,LA,
us_locations,us_county,st. johns,lower,,FL,
us_locations,us_county,st. joseph,lower,,IN MI,
us_locations,us_county,st. landry,lower,,LA,
us_locations,us_county,st. lawrence,lower,,NY,
us_locations,us_county,st. louis,lower,,MN MO,
us_locations,us_county,st. louis city,lower,,MO,
us_locations,us_county,st. lucie,lower,,FL,
us_locations,us_county,st. martin,lower,,LA,
us_locations,us_county,st. mary,lower,,LA,
us_locations,us_county,st. mary's,lower,,MD,
us_locations,us_county,st. tammany,lower,,LA,
us_locations,us_county,stafford,lower,,KS VA,
us_locations,us_county,stanislaus,lower,,CA,
us_locations,us_county,stanley,lower,,SD,
us_locations,us_county,stanly,lower,,NC,
us_locations,us_county,stanton,lower,,KS NE,
us_locations,us_county,stark,lower,,IL ND OH,
us_locations,us_county,starke,lower,,IN,
us_locations,us_county,starr,lower,,TX,
us_locations,us_county,staunton,lower,,VA,
us_locations,us_county,ste. genevieve,lower,,MO,
us_locations,us_county,stearns,lower,,MN,
us_locations,us_county,steele,lower,,MN ND,
us_locations,us_county,stephens,lower,,GA OK TX,
us_locations,us_county,stephenson,lower,,IL,
us_locations,us_county,sterling,lower,,TX,
us_locations,us_county,steuben,lower,,IN NY,
us_locations,us_county,stevens,lower,,KS MN WA,
us_locations,us_county,stewart,lower,,GA TN,
us_locations,us_county,stillwater,lower,,MT,
us_locations,us_county,stoddard,lower,,MO,
us_locations,us_county,stokes,lower,,NC,
us_locations,us_county,stone,lower,,AR MS MO,
us_locations,us_county,stonewall,lower,,TX,
us_locations,us_county,storey,lower,,NV,
us_locations,us_county,story,lower,,IA,
us_locations,us_county,strafford,lower,,NH,
us_locations,us_county,stutsman,lower,,ND,
us_locations,us_county,sublette,lower,,WY,
us_locations,us_county,suffolk,lower,,MA NY VA,
us_locations,us_county,sullivan,lower,,IN MO NH NY PA TN,
us_locations,us_county,sully,lower,,SD,
us_locations,us_county,summers,lower,,WV,
us_locations,us_county,summit,lower,,CO OH UT,
us_locations,us_county,sumner,lower,,KS TN,
us_locations,us_county,sumter,lower,,AL FL GA SC,
us_locations,us_county,sunflower,lower,,MS,
us_locations,us_county,surry,lower,,NC VA,
us_locations,us_county,susquehanna,lower,,PA,
us_locations,us_county,sussex,lower,,DE NJ VA,
us_locations,us_county,sutter,lower,,CA,
us_locations,us_county,sutton,lower,,TX,
us_locations,us_county,suwannee,lower,,FL,
us_locations,us_county,swain,lower,,NC,
us_locations,us_county,sweet grass,lower,,MT,
us_locations,us_county,sweetwater,lower,,WY,
us_locations,us_county,swift,lower,,MN,
us_locations,us_county,swisher,lower,,TX,
us_locations,us_county,switzerland,lower,,IN,
us_locations,us_county,talbot,lower,,GA MD,
us_locations,us_county,taliaferro,lower,,GA,
us_locations,us_county,talladega,lower,,AL,
us_locations,us_county,tallahatchie,lower,,MS,
us_locations,us_county,tallapoosa,lower,,AL,
us_locations,us_county,tama,lower,,IA,
us_locations,us_county,taney,lower,,MO,
us_locations,us_county,tangipahoa,lower,,LA,
us_locations,us_county,taos,lower,,NM,
us_locations,us_county,tarrant,lower,,TX,
us_locations,us_county,tate,lower,,MS,
us_locations,us_county,tattnall,lower,,GA,
us_locations,us_county,taylor,lower,,FL GA IA KY TX WV WI,
us_locations,us_county,tazewell,lower,,IL VA,
us_locations,us_county,tehama,lower,,CA,
us_locations,us_county,telfair,lower,,GA,
us_locations,us_county,teller,lower,,CO,
us_locations,us_county,tensas,lower,,LA,
us_locations,us_county,terrebonne,lower,,LA,
us_locations,us_county,terrell,lower,,GA TX,
us_locations,us_county,terry,lower,,TX,
us_locations,us_county,teton,lower,,ID MT WY,
us_locations,us_county,thayer,lower,,NE,
us_locations,us_county,thomas,lower,,GA KS NE,
us_locations,us_county,throckmorton,lower,,TX,
us_locations,us_county,thurston,lower,,NE WA,
us_locations,us_county,tift,lower,,GA,
us_locations,us_county,tillamook,lower,,OR,
us_locations,us_county,tillman,lower,,OK,
us_locations,us_county,tioga,lower,,NY PA,
us_locations,us_county,tippah,lower,,MS,
us_locations,us_county,tippecanoe,lower,,IN,
us_locations,us_county,tipton,lower,,IN TN,
us_locations,us_county,tishomingo,lower,,MS,
us_locations,us_county,titus,lower,,TX,
us_locations,us_county,todd,lower,,KY MN SD,
us_locations,us_county,tolland,lower,,CT,
us_locations,us_county,tom green,lower,,TX,
us_locations,us_county,tompkins,lower,,NY,
us_locations,us_county,tooele,lower,,UT,
us_locations,us_county,toole,lower,,MT,
us_locations,us_county,toombs,lower,,GA,
us_locations,us_county,torrance,lower,,NM,
us_locations,us_county,towner,lower,,ND,
us_locations,us_county,towns,lower,,GA,
us_locations,us_county,traill,lower,,ND,
us_locations,us_county,transylvania,lower,,NC,
us_locations,us_county,traverse,lower,,MN,
us_locations,us_county,travis,lower,,TX,
us_locations,us_county,treasure,lower,,MT,
us_locations,us_county,trego,lower,,KS,
us_locations,us_county,trempealeau,lower,,WI,
us_locations,us_county,treutlen,lower,,GA,
us_locations,us_county,trigg,lower,,KY,
us_locations,us_county,trimble,lower,,KY,
us_locations,us_county,trinity,lower,,CA TX,
us_locations,us_county,tripp,lower,,SD,
us_locations,us_county,troup,lower,,GA,
us_locations,us_county,trousdale,lower,,TN,
us_locations,us_county,trumbull,lower,,OH,
us_locations,us_county,tucker,lower,,WV,
us_locations,us_county,tulare,lower,,CA,
us_locations,us_county,tulsa,lower,,OK,
us_locations,us_county,tunica,lower,,MS,
us_locations,us_county,tuolumne,lower,,CA,
us_locations,us_county,turner,lower,,GA SD,
us_locations,us_county,tuscaloosa,lower,,AL,
us_locations,us_county,tuscarawas,lower,,OH,
us_locations,us_county,tuscola,lower,,MI,
us_locations,us_county,twiggs,lower,,GA,
us_locations,us_county,twin falls,lower,,ID,
us_locations,us_county,tyler,lower,,TX WV,
us_locations,us_county,tyrrell,lower,,NC,
us_locations,us_county,uinta,lower,,WY,
us_locations,us_county,uintah,lower,,UT,
us_locations,us_county,ulster,lower,,NY,
us_locations,us_county,umatilla,lower,,OR,
us_locations,us_county,unicoi,lower,,TN,
us_locations,us_county,union,lower,,AR FL GA IL IN IA KY LA MS NJ NM NC OH OR PA SC SD TN,
us_locations,us_county,upshur,lower,,TX WV,
us_locations,us_county,upson,lower,,GA,
us_locations,us_county,upton,lower,,TX,
us_locations,us_county,uvalde,lower,,TX,
us_locations,us_county,val verde,lower,,TX,
us_locations,us_county,valdez-cordova,lower,,AK,
us_locations,us_county,valencia,lower,,NM,
us_locations,us_county,valley,lower,,ID MT NE,
us_locations,us_county,van buren,lower,,AR IA MI TN,
us_locations,us_county,van wert,lower,,OH,
us_locations,us_county,van zandt,lower,,TX,
us_locations,us_county,vance,lower,,NC,
us_locations,us_county,vanderburgh,lower,,IN,
us_locations,us_county,venango,lower,,PA,
us_locations,us_county,ventura,lower,,CA,
us_locations,us_county,vermilion,lower,,IL LA,
us_locations,us_county,vermillion,lower,,IN,
us_locations,us_county,vernon,lower,,LA MO WI,
us_locations,us_county,victoria,lower,,TX,
us_locations,us_county,vigo,lower,,IN,
us_locations,us_county,vilas,lower,,WI,
us_locations,us_county,vinton,lower,,OH,
us_locations,us_county,virginia beach,lower,,VA,
us_locations,us_county,volusia,lower,,FL,
us_locations,us_county,wabash,lower,,IL IN,
us_locations,us_county,wabasha,lower,,MN,
us_locations,us_county,wabaunsee,lower,,KS,
us_locations,us_county,wade hampton,lower,,AK,
us_locations,us_county,wadena,lower,,MN,
us_locations,us_county,wagoner,lower,,OK,
us_locations,us_county,wahkiakum,lower,,WA,
us_locations,us_county,wake,lower,,NC,
us_locations,us_county,wakulla,lower,,FL,
us_locations,us_county,waldo,lower,,ME,
us_locations,us_county,walker,lower,,AL GA TX,
us_locations,us_county,walla walla,lower,,WA,
us_locations,us_county,wallace,lower,,KS,
us_locations,us_county,waller,lower,,TX,
us_locations,us_county,wallowa,lower,,OR,
us_locations,us_county,walsh,lower,,ND,
us_locations,us_county,walthall,lower,,MS,
us_locations,us_county,walton,lower,,FL GA,
us_locations,us_county,walworth,lower,,SD WI,
us_locations,us_county,wapello,lower,,IA,
us_locations,us_county,ward,lower,,ND TX,
us_locations,us_county,ware,lower,,GA,
us_locations,us_county,warren,lower,,GA IL IN IA KY MS MO NJ NY NC OH PA TN VA,
us_locations,us_county,warrick,lower,,IN,
us_locations,us_county,wasatch,lower,,UT,
us_locations,us_county,wasco,lower,,OR,
us_locations,us_county,waseca,lower,,MN,
us_locations,us_county,washakie,lower,,WY,
us_locations,us_county,washburn,lower,,WI,
us_locations,us_county,washita,lower,,OK,
us_locations,us_county,washoe,lower,,NV,
us_locations,us_county,washtenaw,lower,,MI,
us_locations,us_county,watauga,lower,,NC,
us_locations,us_county,watonwan,lower,,MN,
us_locations,us_county,waukesha,lower,,WI,
us_locations,us_county,waupaca,lower,,WI,
us_locations,us_county,waushara,lower,,WI,
us_locations,us_county,wayne,lower,,GA IL IN IA KY MI MS MO NE NY NC OH PA TN UT WV,
us_locations,us_county,waynesboro,lower,,VA,
us_locations,us_county,weakley,lower,,TN,
us_locations,us_county,webb,lower,,TX,
us_locations,us_county,weber,lower,,UT,
us_locations,us_county,webster,lower,,GA IA KY LA MS MO NE WV,
us_locations,us_county,weld,lower,,CO,
us_locations,us_county,wells,lower,,IN ND,
us_locations,us_county,west baton rouge,lower,,LA,
us_locations,us_county,west carroll,lower,,LA,
us_locations,us_county,west feliciana,lower,,LA,
us_locations,us_county,westchester,lower,,NY,
us_locations,us_county,westmoreland,lower,,PA VA,
us_locations,us_county,weston,lower,,WY,
us_locations,us_county,wetzel,lower,,WV,
us_locations,us_county,wexford,lower,,MI,
us_locations,us_county,wharton,lower,,TX,
us_locations,us_county,whatcom,lower,,WA,
us_locations,us_county,wheatland,lower,,MT,
us_locations,us_county,wheeler,lower,,GA NE OR TX,
us_locations,us_county,white,lower,,AR GA IL IN TN,
us_locations,us_county,white pine,lower,,NV,
us_locations,us_county,whiteside,lower,,IL,
us_locations,us_county,whitfield,lower,,GA,
us_locations,us_county,whitley,lower,,IN KY,
us_locations,us_county,whitman,lower,,WA,
us_locations,us_county,wibaux,lower,,MT,
us_locations,us_county,wichita,lower,,KS TX,
us_locations,us_county,wicomico,lower,,MD,
us_locations,us_county,wilbarger,lower,,TX,
us_locations,us_county,wilcox,lower,,AL GA,
us_locations,us_county,wilkes,lower,,GA NC,
us_locations,us_county,wilkin,lower,,MN,
us_locations,us_county,wilkinson,lower,,GA MS,
us_locations,us_county,will,lower,,IL,
us_locations,us_county,willacy,lower,,TX,
us_locations,us_county,williams,lower,,ND OH,
us_locations,us_county,williamsburg,lower,,SC VA,
us_locations,us_county,williamson,lower,,IL TN TX,
us_locations,us_county,wilson,lower,,KS NC TN TX,
us_locations,us_county,winchester,lower,,VA,
us_locations,us_county,windham,lower,,CT VT,
us_locations,us_county,windsor,lower,,VT,
us_locations,us_county,winkler,lower,,TX,
us_locations,us_county,winn,lower,,LA,
us_locations,us_county,winnebago,lower,,IL IA WI,
us_locations,us_county,winneshiek,lower,,IA,
us_locations,us_county,winona,lower,,MN,
us_locations,us_county,winston,lower,,AL MS,
us_locations,us_county,wirt,lower,,WV,
us_locations,us_county,wise,lower,,TX VA,
us_locations,us_county,wolfe,lower,,KY,
us_locations,us_county,wood,lower,,OH TX WV WI,
us_locations,us_county,woodbury,lower,,IA,
us_locations,us_county,woodford,lower,,IL KY,
us_locations,us_county,woodruff,lower,,AR,
us_locations,us_county,woods,lower,,OK,
us_locations,us_county,woodson,lower,,KS,
us_locations,us_county,woodward,lower,,OK,
us_locations,us_county,worcester,lower,,MD MA,
us_locations,us_county,worth,lower,,GA IA MO,
us_locations,us_county,wrangell,lower,,AK,
us_locations,us_county,wright,lower,,IA MN MO,
us_locations,us_county,wyandot,lower,,OH,
us_locations,us_county,wyandotte,lower,,KS,
us_locations,us_county,wythe,lower,,VA,
us_locations,us_county,yadkin,lower,,NC,
us_locations,us_county,yakima,lower,,WA,
us_locations,us_county,yakutat,lower,,AK,
us_locations,us_county,yalobusha,lower,,MS,
us_locations,us_county,yamhill,lower,,OR,
us_locations,us_county,yancey,lower,,NC,
us_locations,us_county,yankton,lower,,SD,
us_locations,us_county,yates,lower,,NY,
us_locations,us_county,yavapai,lower,,AZ,
us_locations,us_county,yazoo,lower,,MS,
us_locations,us_county,yell,lower,,AR,
us_locations,us_county,yellow medicine,lower,,MN,
us_locations,us_county,yellowstone,lower,,MT,
us_locations,us_county,yellowstone national park,lower,,MT,
us_locations,us_county,yoakum,lower,,TX,
us_locations,us_county,yolo,lower,,CA,
us_locations,us_county,york,lower,,ME NE PA SC VA,
us_locations,us_county,young,lower,,TX,
us_locations,us_county,yuba,lower,,CA,
us_locations,us_county,yukon-koyukuk,lower,,AK,
us_locations,us_county,yuma,lower,,AZ CO,
us_locations,us_county,zapata,lower,,TX,
us_locations,us_county,zavala,lower,,TX,
us_locations,us_state,AK,text,Alaska,,AK
us_locations,us_state,AL,text,Alabama,,AL
us_locations,us_state,ala.,lower,Alabama,,AL
us_locations,us_state,alabama,lower,Alabama,,AL
us_locations,us_state,alas.,lower,Alaska,,AK
us_locations,us_state,alaska,lower,Alaska,,AK
us_locations,us_state,alsk.,lower,Alaska,,AK
us_locations,us_state,AR,text,Arkansas,,AR
us_locations,us_state,ar.t.,lower,Arkansas,,AR
us_locations,us_state,ariz.,lower,Arizona,,AZ
us_locations,us_state,arizona,lower,Arizona,,AZ
us_locations,us_state,ark.,lower,Arkansas,,AR
us_locations,us_state,c.f.,lower,California,,CA
us_locations,us_state,c.l.,lower,Colorado,,CO
us_locations,us_state,cal.,lower,California,,CA
us_locations,us_state,calif.,lower,California,,CA
us_locations,us_state,california,lower,California,,CA
us_locations,us_state,CO,text,Colorado,,CO
us_locations,us_state,col.,lower,Colorado,,CO
us_locations,us_state,colo.,lower,Colorado,,CO
us_locations,us_state,conn.,lower,Connecticut,,CT
us_locations,us_state,connecticut,lower,Connecticut,,CT
us_locations,us_state,CT,text,Connecticut,,CT
us_locations,us_state,d.c.,lower,District of Columbia,,DC
us_locations,us_state,d.l.,lower,Delaware,,DE
us_locations,us_state,DC,text,District of Columbia,,DC
us_locations,us_state,del.,lower,Delaware,,DE
us_locations,us_state,district of columbia,lower,District of Columbia,,DC
us_locations,us_state,FL,text,Florida,,FL
us_locations,us_state,fla.,lower,Florida,,FL
us_locations,us_state,flor.,lower,Florida,,FL
us_locations,us_state,florida,lower,Florida,,FL
us_locations,us_state,GA,text,Georgia,,GA
us_locations,us_state,ga.,lower,Georgia,,GA
us_locations,us_state,geo.,lower,Georgia,,GA
us_locations,us_state,georgia,lower,Georgia,,GA
us_locations,us_state,h.a.,lower,Hawaii,,HI
us_locations,us_state,haw.,lower,Hawaii,,HI
us_locations,us_state,HI,text,Hawaii,,HI
us_locations,us_state,IA,text,Iowa,,IA
us_locations,us_state,ID,text,Idaho,,ID
us_locations,us_state,ida.,lower,Idaho,,ID
us_locations,us_state,IL,text,Illinois,,IL
us_locations,us_state,ill.,lower,Illinois,,IL
us_locations,us_state,illinois,lower,Illinois,,IL
us_locations,us_state,ills.,lower,Illinois,,IL
us_locations,us_state,IN,text,Indiana,,IN
us_locations,us_state,ind.,lower,Indiana,,IN
us_locations,us_state,ioa.,lower,Iowa,,IA
us_locations,us_state,k.a.,lower,Kansas,,KS
us_locations,us_state,kan.,lower,Kansas,,KS
us_locations,us_state,kans.,lower,Kansas,,KS
us_locations,us_state,kansas,lower,Kansas,,KS
us_locations,us_state,ken.,lower,Kentucky,,KY
us_locations,us_state,kent.,lower,Kentucky,,KY
us_locations,us_state,kentucky,lower,Kentucky,,KY
us_locations,us_state,KS,text,Kansas,,KS
us_locations,us_state,KY,text,Kentucky,,KY
us_locations,us_state,ky.,lower,Kentucky,,KY
us_locations,us_state,LA,text,Louisiana,,LA
us_locations,us_state,louisiana,lower,Louisiana,,LA
us_locations,us_state,m.c.,lower,Michigan,,MI
us_locations,us_state,MA,text,Massachusetts,,MA
us_locations,us_state,maine,lower,Maine,,ME
us_locations,us_state,mar.,lower,Maryland,,MD
us_locations,us_state,mary.,lower,Maryland,,MD
us_locations,us_state,maryland,lower,Maryland,,MD
us_locations,us_state,mass.,lower,Massachusetts,,MA
us_locations,us_state,massachusetts,lower,Massachusetts,,MA
us_locations,us_state,MD,text,Maryland,,MD
us_locations,us_state,md.,lower,Maryland,,MD
us_locations,us_state,ME,text,Maine,,ME
us_locations,us_state,MI,text,Michigan,,MI
us_locations,us_state,mich.,lower,Michigan,,MI
us_locations,us_state,michigan,lower,Michigan,,MI
us_locations,us_state,minn.,lower,Minnesota,,MN
us_locations,us_state,minnesota,lower,Minnesota,,MN
us_locations,us_state,miss.,lower,Mississippi,,MS
us_locations,us_state,missouri,lower,Missouri,,MO
us_locations,us_state,MN,text,Minnesota,,MN
us_locations,us_state,mn.,lower,Minnesota,,MN
us_locations,us_state,MO,text,Missouri,,MO
us_locations,us_state,mo.,lower,Missouri,,MO
us_locations,us_state,mont.,lower,Montana,,MT
us_locations,us_state,montana,lower,Montana,,MT
us_locations,us_state,MS,text,Mississippi,,MS
us_locations,us_state,MT,text,Montana,,MT
us_locations,us_state,n. car.,lower,North Carolina,,NC
us_locations,us_state,n. dak.,lower,North Dakota,,ND
us_locations,us_state,n. j.,lower,New Jersey,,NJ
us_locations,us_state,n. mex.,lower,New Mexico,,NM
us_locations,us_state,n. y.,lower,New York,,NY
us_locations,us_state,n. york,lower,New York,,NY
us_locations,us_state,n.b.,lower,Nebraska,,NE
us_locations,us_state,n. jersey,lower,New Jersey,,NJ
us_locations,us_state,NC,text,North Carolina,,NC
us_locations,us_state,ND,text,North Dakota,,ND
us_locations,us_state,NE,text,Nebraska,,NE
us_locations,us_state,neb.,lower,Nebraska,,NE
us_locations,us_state,nebr.,lower,Nebraska,,NE
us_locations,us_state,nebraska,lower,Nebraska,,NE
us_locations,us_state,nev.,lower,Nevada,,NV
us_locations,us_state,new hampshire,lower,New Hampshire,,NH
us_locations,us_state,new jersey,lower,New Jersey,,NJ
us_locations,us_state,new m.,lower,New Mexico,,NM
us_locations,us_state,new mexico,lower,New Mexico,,NM
us_locations,us_state,NH,text,New Hampshire,,NH
us_locations,us_state,NJ,text,New Jersey,,NJ
us_locations,us_state,NM,text,New Mexico,,NM
us_locations,us_state,no. dak.,lower,North Dakota,,ND
us_locations,us_state,north carolina,lower,North Carolina,,NC
us_locations,us_state,north dakota,lower,North Dakota,,ND
us_locations,us_state,NV,text,Nevada,,NV
us_locations,us_state,NY,text,New York,,NY
us_locations,us_state,OH,text,Ohio,,OH
us_locations,us_state,OK,text,Oklahoma,,OK
us_locations,us_state,okla.,lower,Oklahoma,,OK
us_locations,us_state,OR,text,Oregon,,OR
us_locations,us_state,ore.,lower,Oregon,,OR
us_locations,us_state,oreg.,lower,Oregon,,OR
us_locations,us_state,p.p.,lower,Rhode Island,,RI
us_locations,us_state,PA,text,Pennsylvania,,PA
us_locations,us_state,penn.,lower,Pennsylvania,,PA
us_locations,us_state,penna.,lower,Pennsylvania,,PA
us_locations,us_state,pennsylvania,lower,Pennsylvania,,PA
us_locations,us_state,r.isl.,lower,Rhode Island,,RI
us_locations,us_state,rhode island,lower,Rhode Island,,RI
us_locations,us_state,RI,text,Rhode Island,,RI
us_locations,us_state,s. car.,lower,South Carolina,,SC
us_locations,us_state,s. dak.,lower,South Dakota,,SD
us_locations,us_state,SC,text,South Carolina,,SC
us_locations,us_state,SD,text,South Dakota,,SD
us_locations,us_state,so. dak.,lower,South Dakota,,SD
us_locations,us_state,south carolina,lower,South Carolina,,SC
us_locations,us_state,south dakota,lower,South Dakota,,SD
us_locations,us_state,tenn.,lower,Tennessee,,TN
us_locations,us_state,tennessee,lower,Tennessee,,TN
us_locations,us_state,tex.,lower,Texas,,TX
us_locations,us_state,TN,text,Tennessee,,TN
us_locations,us_state,TX,text,Texas,,TX
us_locations,us_state,UT,text,Utah,,UT
us_locations,us_state,VA,text,Virginia,,VA
us_locations,us_state,vermont,lower,Vermont,,VT
us_locations,us_state,virg.,lower,Virginia,,VA
us_locations,us_state,virginia,lower,Virginia,,VA
us_locations,us_state,VT,text,Vermont,,VT
us_locations,us_state,w. va.,lower,West Virginia,,WV
us_locations,us_state,w. vir.,lower,West Virginia,,WV
us_locations,us_state,w. virg.,lower,West Virginia,,WV
us_locations,us_state,w.n.,lower,Washington,,WA
us_locations,us_state,w.s.,lower,Wisconsin,,WI
us_locations,us_state,WA,text,Washington,,WA
us_locations,us_state,wash.,lower,Washington,,WA
us_locations,us_state,wash. d.c.,lower,District of Columbia,,DC
us_locations,us_state,west virginia,lower,West Virginia,,WV
us_locations,us_state,WI,text,Wisconsin,,WI
us_locations,us_state,wis.,lower,Wisconsin,,WI
us_locations,us_state,wisc.,lower,Wisconsin,,WI
us_locations,us_state,wisconsin,lower,Wisconsin,,WI
us_locations,us_state,WV,text,West Virginia,,WV
us_locations,us_state,WY,text,Wyoming,,WY
us_locations,us_state,wyo.,lower,Wyoming,,WY
us_locations,us_state,CA,text,California,,CA
us_locations,us_state,DE,text,Delaware,,DE
us_locations,us_state-us_county,oregon,lower,Oregon,MO,OR
us_locations,us_state-us_county,arkansas,lower,Arkansas,AR,AR
us_locations,us_state-us_county,colorado,lower,Colorado,TX,CO
us_locations,us_state-us_county,delaware,lower,Delaware,IN IA NY OH OK PA,DE
us_locations,us_state-us_county,hawaii,lower,Hawaii,HI,HI
us_locations,us_state-us_county,idaho,lower,Idaho,ID,ID
us_locations,us_state-us_county,indiana,lower,Indiana,PA,IN
us_locations,us_state-us_county,iowa,lower,Iowa,IA WI,IA
us_locations,us_state-us_county,mississippi,lower,Mississippi,AR MO,MS
us_locations,us_state-us_county,nevada,lower,Nevada,AR CA,NV
us_locations,us_state-us_county,new york,lower,New York,NY,NY
us_locations,us_state-us_county,ohio,lower,Ohio,IN KY WV,OH
us_locations,us_state-us_county,oklahoma,lower,Oklahoma,OK,OK
us_locations,us_state-us_county,texas,lower,Texas,MO OK,TX
us_locations,us_state-us_county,utah,lower,Utah,UT,UT
us_locations,us_state-us_county,washington,lower,Washington,AL AR CO FL GA ID IL IN IA KS KY LA ME MD MN MS MO NE NY NC OH OK OR PA RI TN TX UT VT VA WI,WA
us_locations,us_state-us_county,wyoming,lower,Wyoming,NY PA WV,WY
us_locations,us_territory,VI,text,Virgin Islands,,VI
us_locations,us_territory,american samoa,lower,American Samoa,,AS
us_locations,us_territory,AS,text,American Samoa,,AS
us_locations,us_territory,asm,lower,American Samoa,,AS
us_locations,us_territory,c.m.,lower,Northern Mariana Islands,,MP
us_locations,us_territory,c.n.m.i.,lower,Northern Mariana Islands,,MP
us_locations,us_territory,GU,text,Guam,,GU
us_locations,us_territory,guam,lower,Guam,,GU
us_locations,us_territory,gum,lower,Guam,,GU
us_locations,us_territory,m.n.p.,lower,Northern Mariana Islands,,MP
us_locations,us_territory,marshall islands,lower,Marshall Islands,,MH
us_locations,us_territory,MH,text,Marshall Islands,,MH
us_locations,us_territory,minor outlying islands,lower,Minor Outlying Islands,,UM
us_locations,us_territory,MP,text,Northern Mariana Islands,,MP
us_locations,us_territory,northern mariana islands,lower,Northern Mariana Islands,,MP
us_locations,us_territory,PR,text,Puerto Rico,,PR
us_locations,us_territory,pri,lower,Puerto Rico,,PR
us_locations,us_territory,puerto rico,lower,Puerto Rico,,PR
us_locations,us_territory,pur.,lower,Puerto Rico,,PR
us_locations,us_territory,u.s.v.i.,lower,U.S. Virgin Islands,,VI
us_locations,us_territory,UM,text,U.S. Minor Outlying Islands,,UM
us_locations,us_territory,v.i.,lower,U.S. Virgin Islands,,VI
us_locations,us_territory,v.i.r.,lower,U.S. Virgin Islands,,VI
us_locations,us_territory,virgin islands,lower,U.S. Virgin Islands,,VI
us_locations,us_state,ark,lower,Arkansas,,AR
us_locations,us_county,prince georges,lower,,MD,
us_locations,us_county,queen annes,lower,,MD,
us_locations,us_county,st. marys,lower,,MD,
us_locations,us_county,st marys,lower,,MD,
us_locations,us_county,obrien,lower,,IA,
us_locations,us_state,pa.,lower,Pennsylvania,,PA
